fid,GEOID,GEOG,F2000_POP,F2010_POP,F2020_POP,F2020_HH,TOT_POP,UND5,A5_19,A20_34,A35_49,A50_64,A65_74,A75_84,OV85,MED_AGE,WHITE,HISP,BLACK,ASIAN,OTHER,POP_HH,POP_16OV,IN_LBFRC,EMP,UNEMP,NOT_IN_LBFRC,TOT_WRKR16OV,WORK_AT_HOME,TOT_COMM,DROVE_AL,CARPOOL,TRANSIT,WALK_BIKE,COMM_OTHER,AGG_TT,NO_VEH,ONE_VEH,TWO_VEH,THREEOM_VEH,POP_25OV,LT_HS,HS,SOME_COLL,ASSOC,BACH,GRAD_PROF,INC_LT_25K,INC_25_50K,INC_50_75K,INC_75_100K,INC_100_150K,INC_GT_150,MEDINC,INCPERCAP,TOT_HH,OWN_OCC_HU,RENT_OCC_HU,VAC_HU,HU_TOT,HU_SNG_DET,HU_SNG_ATT,HU_2UN,HU_3_4UN,HU_5_9UN,HU_10_19UN,HU_GT_19UN,HU_MOBILE,MED_ROOMS,HA_AFT2010,HA_90_10,HA_70_90,HA_40_70,HA_BEF1940,MED_HA,BR_0_1,BR_2,BR_3,BR_4,BR_5,HV_LT_150K,HV_500_1M,HV_GT_1M,MED_HV,RENT_LT500,RENT_500_999,RENT_1000_1499,RENT_1500_2499,RENT_GT2500,MED_RENT,COMPUTER,ONLY_SMARTPHONE,NO_COMPUTER,INTERNET,BROADBAND,NO_INTERNET,DISAB_ONE,DISAB_TWOMOR,DISAB_ANY,DIS_HEAR,DIS_VIS,DIS_COG,DIS_AMB,DIS_SLFCARE,POP_18OV,DIS_INDPLIV,DIS_UND18,DIS_18_64,DIS_65_75,DIS_75OV,UNINSURED,DIS_UNINSURED,POP_CIV_NONINST,TOT_EMP_RES,TOT_EMP_WORK,AVG_VMT,TOT_ACRES,SF,Sfperc,MF,Mfperc,MIX,MIXperc,COMM,COMMperc,INST,INSTperc,IND,INDperc,TRANS,TRANSperc,AG,Agperc,OPEN,OPENperc,VACANT,VACperc,CT_1PHH,CT_2PHH,CT_3PHH,CT_4MPHH,CT_FAM_HH,CT_SP_WCHILD,CT_NONFAM_HH,HCUND20K,HCUND20K_LT20PCT,HCUND20K_20_29PCT,HCUND20K_30MPCT,HC20Kto49K,HC20Kto49K_LT20PCT,HC20Kto49K_20_29PCT,HC20Kto49K_30MPCT,HC50Kto75K,HC50Kto75K_LT20PCT,HC50Kto75K_20_29PCT,HC50Kto75K_30MPCT,HCOV75K,HCOV75K_LT20PCT,HCOV75K_20_29PCT,HCOV75K_30MPCT,NATIVE,FOR_BORN,POP_OV5,NOT_ENGLISH,LING_ISO,ENGLISH,SPANISH,SLAVIC,CHINESE,TAGALOG,ARABIC,KOREAN,OTHER_ASIAN,OTHER_EURO,OTHER_UNSPEC,F2000_WHITE,F2000_HISP,F2000_BLACK,F2000_ASIAN,F2000_OTHER
1,1,Rogers Park,63484,54991,55628,26402,54173.0,2455.0,6544.0,17202.0,11146.0,9985.0,4502.0,1842.0,497.0,36.1211699164345,24150.0,12245.0,11729.0,3389.0,2660.0,50657.0,47952.0,34106.0,31643.0,2422.0,13846.0,30997.0,6854.0,24143.0,11851.0,1376.0,7941.0,2396.0,579.0,875550.0,9627.0,11928.0,4235.0,396.0,38839.0,4514.0,6016.0,5578.0,2358.0,12078.0,8295.0,4984.0,5502.0,4791.0,3871.0,4098.0,2940.0,60915.7351676698,40137.3767928673,26186.0,7372.0,18814.0,2758.0,28944.0,1720.0,455.0,945.0,2860.0,6437.0,4123.0,12262.0,142.0,4.40929899856939,935.0,1974.0,4192.0,7796.0,14047.0,1941.83585313175,13775.0,9811.0,4157.0,885.0,316.0,979.0,1311.0,119.0,274267.100977199,817.0,2918.0,8147.0,6111.0,484,1337.86187438665,25277.0,2615.0,909.0,24806.0,23694.0,1380.0,5151.0,2548.0,7699.0,819.0,1381.0,4345.0,2676.0,811.0,45916.0,2032.0,305.0,5711.0,1013.0,670.0,7128.0,812.0,52588.0,22570,11375,6696.742951,1175.57971962933,148.384257687802,0.12622219932017,372.043948853125,0.316477005039212,21.6206908693826,0.0183915139980467,59.4052840136366,0.0505327567511694,80.5898965009168,0.0685533232287537,49.8849301200922,0.0424343234977051,391.508848909708,0.333034708214561,0.0,0.0,49.4369242949305,0.0420532299676951,2.70493837973218,0.00230093998268793,12515.0,7984.0,3012.0,2675.0,9626.0,1014.0,16560.0,3620.0,58.0,371.0,3191.0,6202.0,259.0,991.0,4952.0,4770.0,571.0,2383.0,1816.0,10909.0,6602.0,3508.0,799.0,40346.0,13827.0,51718.0,17842.0,8230.0,33876.0,9868.0,1398.0,239.0,383.0,375.0,120,662.0,2392.0,2405.0,20170,17639,18767,4063,2845
2,10,Norwood Park,37543,37023,40292,16075,39839.7773897861,2614.33653426451,7709.98734177215,5124.08686163248,8740.22391968573,7726.57835006547,4262.79135748581,2134.85464862505,1526.91837625491,41.9126788023146,28146.4308162375,7182.87821911829,379.240942819729,2774.87734613706,1356.35006547359,39433.5093576125,31537.374560917,20727.0319837308,19820.6012201886,906.430763542244,10810.3425771862,19400.6470696987,2542.05305971529,16858.5940099834,13282.2050286559,1521.48659641339,1454.79071917175,487.111665742281,113.0,520191.88759475,1086.69296914517,5545.06423874557,6230.19777440566,2530.85634800202,28052.3487560017,1808.90920995199,6386.00523788739,4655.74159755565,1878.2230467045,7795.79179397643,5527.6778699258,1580.56467941507,2049.33858267717,1669.8177727784,1705.78065241845,2780.70866141732,5601.09448818898,110554.415365378,51350.7285586866,15387.3048368954,12464.9892241379,2929.875,611.636670416198,16007.2068965517,11449.5484913793,349.13900862069,1255.0,648.0,528.0,496.57650862069,1245.57327586207,35.3696120689655,6.27307420399231,194.712284482759,601.573275862069,1744.64439655172,10037.09375,3429.18318965517,1953.64365533223,1523.74245689655,3971.03125,7187.61206896552,2621.75323275862,703.067887931035,717.541057367829,2684.01912260967,102.311586051744,410630.643756924,63.0,305.0,759.0,1225.02699662542,290,1655.21079865017,14655.0719910011,1010.77052868391,732.232845894263,14371.0719910011,13977.298087739,1016.23284589426,2304.52153817711,1949.53743760399,4254.05897578111,1116.83157700129,700.289147716768,1366.8824181919,2517.35995562951,863.446662969126,30032.1162876687,1461.75577740802,326.614161582548,1272.71991125901,974.40081345905,1680.3240894805,1399.30412275837,73.7816601959697,39418.8574597892,19191,10098,12466.71297,2799.79585410991,1321.41808236581,0.47196944035261,133.206001647541,0.0475770408231741,13.0571216778767,0.00466359776149741,100.332540991382,0.0358356631052584,199.738506325041,0.0713403822038803,14.170604377021,0.00506129915015749,899.338001408186,0.321215562944712,0.0,0.0,111.452703457491,0.0398074392795053,7.08229185956156,0.00252957437920527,4486.35545556805,4004.53655793026,2757.3487064117,4139.06411698538,10346.1653543307,774.770528683915,5041.13948256468,838.137582195245,0.0,0.0,838.137582195245,2521.15579160344,260.0,500.58320687911,1760.57258472433,1642.15477996965,482.523520485584,544.356095093576,615.275164390491,10019.5316135559,6542.9908952959,2686.99797673242,789.542741527567,32448.5379922352,7388.31946755408,37220.7367350712,12177.6267332224,3742.74394527639,25043.1100018488,3631.57552227769,4043.42891477168,566.0,440.121649103346,409.674986134221,49,741.669994453688,1769.39988907377,526.755777408024,33176,2404,332,1212,419
3,11,Jefferson Park,25859,25448,26216,10585,26649.0,1353.0,3773.0,5456.0,5587.0,5851.0,2828.0,1249.0,552.0,42.3065556152606,14939.0,7175.0,750.0,3164.0,621.0,26627.0,22385.0,15587.0,14783.0,804.0,6798.0,14238.0,2483.0,11755.0,8457.0,948.0,1883.0,297.0,170.0,388215.0,1207.0,4827.0,4023.0,1281.0,20379.0,1569.0,4503.0,3456.0,1733.0,5508.0,3610.0,1111.0,1856.0,1186.0,1733.0,2637.0,2815.0,96869.590305828,49736.0818041953,11338.0,7634.0,3704.0,561.0,11899.0,5536.0,181.0,2225.0,1972.0,1107.0,342.0,496.0,40.0,5.79453363914373,267.0,1126.0,1008.0,5245.0,4253.0,1951.2620523416,1773.0,4151.0,3530.0,1866.0,579.0,394.0,1599.0,118.0,394706.146253926,13.0,448.0,1701.0,1366.0,125,1397.96228710462,10735.0,730.0,603.0,10203.0,10053.0,1135.0,1835.0,1199.0,3034.0,933.0,817.0,1124.0,1282.0,478.0,21796.0,1076.0,230.0,1493.0,449.0,862.0,1699.0,141.0,26647.0,12463,5680,12294.87461,1489.16808294868,502.748912952829,0.337603873403829,178.243305006581,0.119693207937712,9.89118159520793,0.00664208540893688,56.9295390951055,0.0382290889436605,24.6728139644245,0.0165681861214553,52.9238738917305,0.0355392211918326,525.611585115604,0.352956520579496,0.0,0.0,133.520400353707,0.0896610677347619,4.62647097349091,0.00310674867831582,3532.0,3906.0,1592.0,2308.0,6914.0,553.0,4424.0,615.0,0.0,11.0,604.0,2227.0,150.0,365.0,1712.0,1167.0,307.0,335.0,525.0,7184.0,4643.0,1491.0,1050.0,19554.0,7095.0,25296.0,11045.0,4752.0,14251.0,4860.0,3026.0,209.0,699.0,474.0,306,629.0,735.0,107.0,21101,2881,81,1237,559
4,12,Forest Glen,18165,18508,19596,7021,19901.0,1186.0,4221.0,2314.0,4461.0,4287.0,2043.0,874.0,515.0,42.77866752082,13949.0,2145.0,281.0,2602.0,924.0,19839.0,15291.0,10229.0,9804.0,425.0,5062.0,9561.0,1887.0,7674.0,5443.0,844.0,915.0,257.0,215.0,262155.0,354.0,2381.0,3488.0,1028.0,13776.0,517.0,2072.0,1554.0,643.0,4664.0,4326.0,551.0,826.0,616.0,636.0,1350.0,3272.0,131664.937759336,70610.1549670871,7251.0,6406.0,845.0,192.0,7443.0,6116.0,368.0,390.0,145.0,177.0,127.0,120.0,0.0,7.22292755787901,186.0,334.0,615.0,4658.0,1650.0,1953.22362278245,186.0,1944.0,2997.0,1856.0,460.0,207.0,3216.0,346.0,539589.766210851,0.0,58.0,327.0,205.0,122,1459.26966292135,7053.0,426.0,198.0,6907.0,6850.0,344.0,1124.0,879.0,2003.0,753.0,294.0,718.0,759.0,328.0,14787.0,841.0,139.0,767.0,286.0,811.0,1147.0,197.0,19864.0,9038,4212,13422.37751,2046.16405368587,826.642006463074,0.403995957691661,32.0463207622823,0.015661657580464,7.21481994508383,0.00352602223271755,44.4518723171557,0.0217244908770057,45.1695443298077,0.0220752310883584,10.4555639908218,0.00510983660962455,606.625877651497,0.296469814606873,0.0,0.0,471.43243640438,0.230398161650412,2.1256118217665,0.00103882766288339,1641.0,2317.0,1081.0,2212.0,5320.0,330.0,1931.0,370.0,0.0,25.0,345.0,952.0,16.0,171.0,765.0,616.0,34.0,301.0,281.0,5158.0,3452.0,988.0,718.0,16249.0,3652.0,18715.0,5043.0,1786.0,13672.0,1320.0,833.0,309.0,369.0,95.0,176,553.0,1237.0,151.0,14793,1389,71,1586,326
5,13,North Park,18514,17931,17559,6658,18356.0,1610.0,3179.0,3336.0,3588.0,3318.0,1813.0,1003.0,509.0,38.4322033898305,8220.0,3024.0,1022.0,5404.0,686.0,17859.0,14277.0,8091.0,7751.0,340.0,6186.0,7594.0,1116.0,6478.0,4075.0,612.0,1244.0,342.0,205.0,219090.0,1268.0,3280.0,1809.0,468.0,12510.0,1080.0,2473.0,1992.0,1042.0,3393.0,2530.0,1439.0,1049.0,860.0,742.0,1073.0,1662.0,77173.1805929919,38514.0027783831,6825.0,3283.0,3542.0,778.0,7603.0,2359.0,132.0,1321.0,919.0,769.0,470.0,1633.0,0.0,5.43855072463768,89.0,1084.0,830.0,2954.0,2646.0,1952.33554817276,2180.0,2495.0,1897.0,749.0,282.0,256.0,955.0,16.0,381471.535982814,529.0,529.0,1075.0,1186.0,101,1298.95437262357,6620.0,580.0,205.0,6505.0,6239.0,320.0,983.0,794.0,1777.0,519.0,175.0,750.0,911.0,250.0,13694.0,774.0,82.0,825.0,351.0,519.0,1681.0,42.0,18143.0,6780,6349,10821.19414,1613.6066395205,250.124978536071,0.155009884323727,248.189587137061,0.153810464743014,4.82389676943669,0.00298951222143592,66.0474970256221,0.0409315972108597,394.106721642535,0.244239650476183,68.7688142059429,0.0426180783603977,324.642776108593,0.2011907785686,0.280901470702645,0.00017408299137026,251.191131105906,0.155670610763321,5.43033551863271,0.00336534034109229,2488.0,1707.0,869.0,1761.0,3880.0,673.0,2945.0,822.0,63.0,165.0,594.0,1515.0,116.0,147.0,1252.0,860.0,193.0,390.0,277.0,3384.0,2341.0,555.0,488.0,11550.0,6806.0,16746.0,8412.0,3357.0,8334.0,2065.0,615.0,113.0,834.0,734.0,513,1038.0,2087.0,413.0,10336,2652,452,4415,659
6,14,Albany Park,57655,51542,48396,17161,45538.0,2465.0,6796.0,12563.0,9989.0,7958.0,4168.0,1230.0,369.0,36.2093678013821,15585.0,19570.0,1598.0,6869.0,1916.0,44153.0,38726.0,27819.0,25908.0,1911.0,10907.0,25160.0,4137.0,21023.0,11557.0,2301.0,4818.0,1850.0,497.0,715250.0,3117.0,8799.0,4329.0,1190.0,32015.0,5799.0,6058.0,4523.0,1618.0,9028.0,4989.0,1792.0,3368.0,2496.0,2305.0,3132.0,4342.0,86513.0151843818,42952.072444991,17435.0,7624.0,9811.0,1460.0,18895.0,4068.0,184.0,3262.0,3589.0,3818.0,1623.0,2313.0,38.0,5.43192834562698,655.0,1245.0,1783.0,3719.0,11493.0,1931.10110502045,4066.0,7753.0,4967.0,1626.0,483.0,255.0,1937.0,195.0,400059.488399762,242.0,1534.0,3683.0,3992.0,235,1416.21327529924,17022.0,2150.0,413.0,16633.0,15584.0,802.0,1937.0,1559.0,3496.0,812.0,682.0,1451.0,1756.0,763.0,37054.0,1201.0,182.0,1988.0,735.0,591.0,8729.0,160.0,45042.0,18465,5446,9566.286018,1229.16048308148,304.547023875529,0.247768316723001,295.014979729615,0.240013394337262,35.8335751350734,0.0291528857527533,81.638201291973,0.0664178538243499,55.6413266368859,0.0452677477048353,10.9320019335883,0.00889387682410846,412.865034975743,0.335891887722179,0.0,0.0,28.4643672592418,0.0231575678286388,4.22397224383006,0.00343646928287236,4843.0,5767.0,2616.0,4209.0,10203.0,1248.0,7232.0,955.0,14.0,47.0,894.0,3775.0,169.0,423.0,3183.0,2493.0,447.0,986.0,1060.0,9743.0,6062.0,2917.0,764.0,27674.0,17864.0,43073.0,24392.0,12862.0,18681.0,15988.0,1457.0,258.0,2011.0,536.0,295,1222.0,2512.0,113.0,15866,26741,1907,10178,2963
7,15,Portage Park,65340,64124,64040,23827,63031.0,3982.0,10695.0,12888.0,13799.0,12498.0,6071.0,1959.0,1139.0,39.1031366846697,29354.0,25779.0,1474.0,3716.0,2708.0,62912.0,51031.0,35728.0,33965.0,1763.0,15303.0,33174.0,5831.0,27343.0,19016.0,3010.0,4237.0,682.0,398.0,980815.0,2757.0,10075.0,7878.0,3207.0,44625.0,5238.0,10478.0,8416.0,3102.0,11944.0,5447.0,2761.0,4203.0,3193.0,2932.0,4566.0,6262.0,90360.6753069577,43196.4775427964,23917.0,14650.0,9267.0,1657.0,25574.0,11432.0,285.0,4926.0,4018.0,2234.0,1008.0,1612.0,59.0,5.84265254071022,822.0,1615.0,2878.0,7096.0,13163.0,1938.57175415939,4205.0,8732.0,7321.0,3592.0,1724.0,830.0,2778.0,123.0,386106.660563058,139.0,1614.0,4101.0,3048.0,156,1342.78595158994,22539.0,2123.0,1378.0,22222.0,21683.0,1695.0,3544.0,3303.0,6847.0,1658.0,1184.0,2672.0,3802.0,1647.0,49512.0,2906.0,467.0,3477.0,1290.0,1613.0,7297.0,312.0,63028.0,26601,7140,12199.14985,2529.75426388361,942.278145631615,0.372478133186366,401.554856298094,0.158732752042737,40.8799242136461,0.0161596423800027,143.190671391396,0.0566026010651222,91.2151477436995,0.0360569202495062,16.821494560906,0.0066494579339426,812.005143912253,0.320981826379328,0.0,0.0,70.060846364929,0.027694724094416,11.748033767068,0.00464394266857871,6388.0,7414.0,3793.0,6322.0,15625.0,1846.0,8292.0,1907.0,35.0,17.0,1855.0,4745.0,216.0,473.0,4056.0,3153.0,794.0,1091.0,1268.0,13702.0,9853.0,2836.0,1013.0,44416.0,18615.0,59049.0,30271.0,11867.0,28778.0,17755.0,6301.0,75.0,2002.0,1114.0,37,897.0,1523.0,567.0,45418,15022,336,2467,2097
8,16,Irving Park,58643,53359,51940,21342,53332.0,4104.0,8332.0,11955.0,14476.0,8146.0,3619.0,1868.0,832.0,37.1929824561403,24496.0,19938.0,1980.0,4637.0,2281.0,52952.0,42663.0,32240.0,30117.0,2123.0,10423.0,29592.0,7268.0,22324.0,13831.0,2211.0,4704.0,879.0,699.0,757695.0,3169.0,11091.0,6565.0,1406.0,38650.0,3724.0,7177.0,5735.0,2049.0,12645.0,7320.0,2620.0,3495.0,3429.0,2394.0,3917.0,6376.0,91410.8187134503,55143.7740568514,22231.0,11415.0,10816.0,1458.0,23689.0,6879.0,565.0,4704.0,3878.0,3538.0,1937.0,2162.0,26.0,5.63557422969188,1055.0,1998.0,1873.0,5029.0,13734.0,1933.12108635503,4456.0,9250.0,5725.0,2932.0,1326.0,394.0,4876.0,553.0,483243.080625752,437.0,1233.0,4468.0,4035.0,345,1401.05808194507,21212.0,1586.0,1019.0,20985.0,20489.0,1246.0,2965.0,2216.0,5181.0,1061.0,865.0,2134.0,2389.0,813.0,41182.0,1884.0,508.0,2868.0,822.0,983.0,4774.0,292.0,53028.0,23134,9669,10774.22028,2057.19425810401,534.087847412582,0.259619549932449,394.010719693283,0.191528203105339,47.0840836122122,0.0228875243194616,102.986197846288,0.050061484198971,71.1779822073479,0.0345995434932568,58.4266896196677,0.0284011533619173,745.90218658817,0.362582281012014,0.0,0.0,93.5969232631412,0.0454973675404887,9.92162786131882,0.00482289303610199,6731.0,7349.0,3483.0,4668.0,12863.0,1732.0,9368.0,1667.0,16.0,107.0,1544.0,3997.0,159.0,395.0,3443.0,3387.0,603.0,1314.0,1470.0,12627.0,7911.0,3270.0,1446.0,40175.0,13157.0,49228.0,20190.0,7302.0,29038.0,13848.0,1229.0,223.0,1913.0,397.0,220,666.0,1495.0,199.0,25912,25401,1121,4362,1847
9,17,Dunning,42164,41932,43147,15746,41233.0,1713.0,7068.0,6505.0,8274.0,9926.0,4257.0,2690.0,800.0,44.8835034013605,21360.0,15134.0,1048.0,2516.0,1175.0,40978.0,34222.0,22536.0,21278.0,1258.0,11686.0,20773.0,2318.0,18455.0,13962.0,2123.0,1520.0,224.0,626.0,671690.0,1096.0,6999.0,5398.0,2726.0,30336.0,3471.0,9469.0,6624.0,2527.0,5375.0,2870.0,2118.0,2357.0,2523.0,2239.0,3177.0,3805.0,87410.674408218,42970.8440326923,16219.0,12893.0,3326.0,938.0,17157.0,11415.0,257.0,1615.0,885.0,1432.0,252.0,1259.0,42.0,5.95238719832109,295.0,1523.0,1970.0,8727.0,4642.0,1953.30995323981,1672.0,5490.0,5830.0,3251.0,914.0,939.0,947.0,126.0,346532.634032634,19.0,517.0,1382.0,1009.0,118,1365.10914051842,15083.0,1691.0,1136.0,14267.0,13894.0,1952.0,2287.0,2125.0,4412.0,960.0,876.0,1306.0,2683.0,1047.0,33164.0,1721.0,165.0,2339.0,580.0,1328.0,3619.0,214.0,41077.0,20172,5169,12819.93983,2378.21399808767,1012.54161531084,0.425757150586545,139.428053580703,0.0586272108787592,21.5633252061171,0.00906702476036903,66.24703165859,0.0278557908211201,358.019178942857,0.150541195716929,27.7737609293049,0.0116784111739473,641.780490833367,0.269858175651739,0.0,0.0,87.4333516772773,0.0367642910804422,23.4271899486123,0.00985074933014867,4787.0,4912.0,2457.0,4063.0,10783.0,734.0,5436.0,1470.0,0.0,100.0,1370.0,2787.0,239.0,683.0,1865.0,2428.0,741.0,628.0,1059.0,9117.0,6082.0,1855.0,1180.0,28203.0,13030.0,39520.0,20507.0,8045.0,19013.0,10594.0,6467.0,110.0,1188.0,570.0,48,134.0,1097.0,299.0,34394,5441,234,1315,780
10,18,Montclare,12646,13426,14401,5010,14280.0,1072.0,2635.0,2340.0,3121.0,2898.0,1222.0,749.0,243.0,41.1013513513514,4195.0,8675.0,1041.0,330.0,39.0,14169.0,11495.0,7063.0,6654.0,409.0,4432.0,6489.0,831.0,5658.0,4789.0,311.0,327.0,17.0,214.0,218790.0,496.0,2034.0,1567.0,913.0,9876.0,1751.0,3222.0,1770.0,893.0,1685.0,555.0,983.0,989.0,616.0,436.0,1209.0,777.0,72339.7435897436,31437.6226190476,5010.0,2797.0,2213.0,193.0,5203.0,2661.0,334.0,416.0,402.0,406.0,292.0,692.0,0.0,5.55012744265081,128.0,902.0,458.0,2502.0,1213.0,1953.82149901381,1261.0,1690.0,1044.0,676.0,532.0,119.0,77.0,180.0,332938.388625592,209.0,423.0,752.0,658.0,78,1310.7476635514,4689.0,451.0,321.0,4578.0,4388.0,432.0,916.0,815.0,1731.0,429.0,173.0,703.0,979.0,394.0,10817.0,967.0,16.0,856.0,562.0,297.0,1282.0,50.0,14173.0,5321,2058,12913.17325,633.066887865754,248.82120879948,0.393040946491967,70.483648562066,0.111336811185444,5.88654881537897,0.00929846265569848,53.0331383168147,0.0837717772534342,29.336630739957,0.046340491506133,16.2504818339924,0.0256694547534737,193.169077761647,0.305132177127245,0.0,0.0,10.4554121889088,0.0165154936852834,5.63074084750904,0.00889438534132128,1635.0,1066.0,747.0,1562.0,3281.0,541.0,1729.0,702.0,0.0,39.0,663.0,1122.0,93.0,333.0,696.0,600.0,117.0,118.0,365.0,2422.0,1628.0,614.0,180.0,9380.0,4900.0,13208.0,7717.0,3245.0,5491.0,6012.0,1105.0,0.0,185.0,0.0,0,73.0,202.0,140.0,6892,4865,264,337,288
11,19,Belmont Cragin,78144,78743,78116,23450,72088.0,4102.0,15608.0,14593.0,14612.0,12944.0,6733.0,2764.0,732.0,36.6368935690109,9357.0,56335.0,2829.0,2434.0,1133.0,71799.0,56882.0,35476.0,33420.0,2056.0,21406.0,32392.0,2540.0,29852.0,20838.0,4205.0,3565.0,916.0,328.0,1128930.0,3144.0,9013.0,7133.0,3291.0,47831.0,14137.0,14549.0,7572.0,3227.0,5925.0,2421.0,3857.0,4856.0,3451.0,3212.0,3877.0,3328.0,68284.2132239877,26697.5809011209,22581.0,11815.0,10766.0,1563.0,24144.0,9695.0,361.0,6157.0,4158.0,2197.0,630.0,899.0,47.0,5.71300521512386,879.0,1737.0,2435.0,6050.0,13043.0,1936.27769684888,3988.0,9182.0,6603.0,2751.0,1620.0,802.0,559.0,153.0,325548.455804047,126.0,2130.0,5328.0,2348.0,369,1227.69823788546,20901.0,3355.0,1680.0,20241.0,19127.0,2340.0,4188.0,3656.0,7844.0,1570.0,2016.0,2497.0,4312.0,1602.0,54393.0,2827.0,772.0,3992.0,1503.0,1577.0,12835.0,885.0,71869.0,27836,8353,11663.43001,2504.57778312758,710.644446330178,0.283738221714465,398.235687247299,0.159003122174949,48.6893444895233,0.0194401406965778,237.427524360832,0.0947974249233919,150.054281732752,0.0599120070231447,107.989443906505,0.043116825771589,775.644954044201,0.309690902502384,0.0,0.0,64.9920924614823,0.0259493208393487,10.9000085548113,0.00435203435414967,5288.0,5331.0,3327.0,8635.0,16079.0,2519.0,6502.0,2655.0,0.0,32.0,2623.0,5432.0,187.0,869.0,4376.0,3398.0,787.0,1207.0,1404.0,10360.0,6612.0,2701.0,1047.0,44371.0,27717.0,67986.0,50839.0,24624.0,17147.0,45387.0,3144.0,96.0,1131.0,178.0,5,371.0,434.0,93.0,21881,50881,2000,1989,1393
12,2,West Ridge,73199,71942,77122,26493,78373.0,4834.0,18659.0,13454.0,15465.0,14461.0,7059.0,3209.0,1232.0,37.357864813645,30859.0,16129.0,9180.0,17104.0,5101.0,76512.0,59511.0,37126.0,34404.0,2722.0,22385.0,32870.0,4983.0,27887.0,18469.0,3375.0,3728.0,1549.0,766.0,846730.0,3988.0,11955.0,8256.0,2404.0,50718.0,6485.0,10987.0,8001.0,2990.0,13123.0,9132.0,4664.0,4974.0,4339.0,3703.0,3805.0,5118.0,70823.3718054411,34688.022086688,26603.0,13466.0,13137.0,2217.0,28820.0,6170.0,1102.0,3487.0,5995.0,4691.0,2311.0,5027.0,37.0,5.52462686567164,346.0,2002.0,3303.0,13004.0,10165.0,1950.61859252824,5846.0,10137.0,9381.0,2193.0,1263.0,2449.0,2905.0,264.0,318337.129840547,354.0,1129.0,5602.0,4911.0,497,1437.10621062106,25566.0,3055.0,1037.0,24956.0,23810.0,1647.0,3855.0,3824.0,7679.0,1490.0,1403.0,3626.0,3729.0,1635.0,55390.0,3477.0,683.0,3642.0,1458.0,1896.0,11193.0,547.0,77041.0,27203,10622,11277.43444,2259.62109816716,554.20890897518,0.245266301250556,520.233621587235,0.230230467404119,27.2705463991487,0.0120686368264434,134.509932755834,0.0595276495094416,165.783436170981,0.0733678032593395,3.35218581600883,0.00148351678019287,655.726180228895,0.2901929800358,0.0,0.0,188.239214388123,0.0833056544483537,10.2970718457562,0.00455699048575377,7009.0,7423.0,3741.0,8430.0,17716.0,2458.0,8887.0,3058.0,75.0,118.0,2865.0,5780.0,534.0,905.0,4341.0,4292.0,1121.0,1154.0,2017.0,12426.0,8404.0,2613.0,1409.0,48190.0,30183.0,73539.0,39403.0,18060.0,34136.0,12621.0,3616.0,870.0,707.0,776.0,462,3729.0,11858.0,4764.0,36403,11353,4962,16347,4134
13,20,Hermosa,26908,25010,24062,7544,22576.0,1125.0,4777.0,5341.0,4935.0,3737.0,1833.0,566.0,262.0,35.1282051282051,2211.0,19159.0,671.0,293.0,242.0,22542.0,18115.0,12398.0,11741.0,644.0,5717.0,11441.0,1336.0,10105.0,7063.0,1011.0,1289.0,587.0,155.0,340935.0,817.0,3474.0,1877.0,1349.0,14916.0,3755.0,4762.0,2199.0,831.0,2427.0,942.0,1016.0,1528.0,1486.0,953.0,1336.0,1198.0,70766.632016632,29153.7815379164,7517.0,3638.0,3879.0,603.0,8120.0,2395.0,151.0,2416.0,1917.0,643.0,445.0,133.0,20.0,5.72780034822983,75.0,159.0,605.0,1424.0,5857.0,1924.65938193614,1379.0,3290.0,1890.0,849.0,712.0,221.0,172.0,59.0,320870.206489676,109.0,599.0,1880.0,1050.0,48,1315.59405940594,7337.0,902.0,180.0,6935.0,6708.0,582.0,1057.0,1020.0,2077.0,440.0,521.0,871.0,1070.0,301.0,17131.0,666.0,248.0,984.0,473.0,372.0,4024.0,105.0,22563.0,8486,3880,11388.16934,748.440298141382,167.718656342837,0.224090895104574,145.811474861774,0.194820448904035,14.3423750399997,0.0191630181800959,26.1408272355875,0.034927070736976,19.2335320622487,0.0256981513555747,111.256071623957,0.148650562910951,245.550701859885,0.328083218487389,0.0,0.0,15.5267808158509,0.0207455168493851,2.85987829924304,0.00382111747101944,1522.0,2220.0,1252.0,2523.0,5398.0,967.0,2119.0,676.0,0.0,102.0,574.0,1628.0,31.0,158.0,1439.0,1474.0,317.0,594.0,563.0,3404.0,2397.0,755.0,252.0,14738.0,7838.0,21451.0,15879.0,7729.0,5572.0,15424.0,53.0,10.0,155.0,0.0,0,72.0,85.0,80.0,3086,22574,649,319,280
14,21,Avondale,43083,39262,36257,14578,35533.0,1787.0,5109.0,10745.0,8636.0,5705.0,2140.0,1001.0,410.0,35.1579013588324,13468.0,17652.0,1123.0,1498.0,1792.0,35413.0,29948.0,23117.0,21711.0,1387.0,6831.0,21482.0,5492.0,15990.0,8986.0,1317.0,3980.0,1450.0,257.0,544980.0,2692.0,7576.0,3706.0,991.0,26356.0,3595.0,5606.0,3003.0,1689.0,8117.0,4346.0,1668.0,1970.0,2133.0,2262.0,2917.0,4015.0,93915.7824933687,51171.0290715673,14965.0,6540.0,8425.0,1109.0,16074.0,2839.0,556.0,4591.0,4661.0,1844.0,729.0,843.0,11.0,5.47968683876428,1017.0,1565.0,1550.0,2752.0,9190.0,1933.72687704026,2521.0,7327.0,4499.0,1416.0,311.0,319.0,2680.0,164.0,469830.028328612,106.0,453.0,2651.0,4454.0,732,1670.28610823854,14458.0,1306.0,507.0,14103.0,13714.0,862.0,1745.0,1646.0,3391.0,680.0,983.0,1421.0,1404.0,511.0,29067.0,1287.0,170.0,2022.0,645.0,554.0,4461.0,309.0,35435.0,15976,9418,9673.581468,1269.29740004595,170.485019254153,0.134314479213446,312.706158050158,0.246361615519608,44.7187341842263,0.0352310925576682,108.771607330999,0.0856943434431215,30.7459589102445,0.0242228172129964,100.454927089462,0.0791421514657047,477.036894249177,0.375827520194959,0.0,0.0,8.81909916771823,0.00694801641238609,15.5590018098105,0.01225796398011,4721.0,5226.0,2232.0,2786.0,7623.0,943.0,7342.0,1058.0,0.0,49.0,1009.0,2245.0,110.0,223.0,1912.0,2119.0,160.0,731.0,1228.0,9184.0,5825.0,2142.0,1217.0,27212.0,8321.0,33746.0,15624.0,6150.0,18122.0,12936.0,1012.0,87.0,515.0,19.0,192,117.0,626.0,120.0,12757,26700,669,953,2004
15,22,Logan Square,82715,72791,72959,32716,71192.0,4335.0,8001.0,27740.0,17072.0,8528.0,3269.0,1336.0,911.0,33.1460023174971,37340.0,23480.0,4120.0,3365.0,2887.0,70791.5987210232,60662.8036460311,48599.2385112039,46357.1469806305,2181.09153057349,12063.5651348272,45844.8002278769,14777.3281428029,31067.4720850741,16317.1792631979,2469.75579187239,9315.36004557539,2378.29054310672,586.886441321686,1017414.73604254,7279.22222222222,17514.3964828137,6668.16786570743,1573.59792166267,54292.0,3929.0,7233.0,6030.0,2732.0,21020.0,13348.0,3203.0,3773.0,4017.0,4341.0,6435.0,11223.0,107915.53133515,72416.5074025171,32992.0,12737.0,20255.0,3228.0,36220.0,5367.0,874.0,6103.0,9979.0,5896.0,2242.0,5715.0,44.0,5.23824786324786,3628.0,4078.0,2790.0,4387.0,21337.0,1932.43801846558,8883.0,14466.0,8759.0,3081.0,1031.0,410.0,5939.0,1995.0,607079.343365253,898.0,1445.0,4203.0,9636.0,3627,1799.49170679508,31721.0,1498.0,1271.0,31842.0,31409.0,1150.0,2919.4663881504,1988.4663881504,4907.9327763008,882.432206608431,958.318647930118,2452.89251804026,1814.02316748956,714.0,59334.7804785416,1654.28446638815,307.0,3240.60311431827,557.329661982529,803.0,5291.0,394.0,71001.0782377516,36731,18319,8314.788251,2297.00566562818,315.467793203508,0.137338709226577,621.491484218279,0.270565934389332,76.9840150258339,0.0335149434665327,197.235680321123,0.0858664317953187,67.2426365533243,0.0292740403558974,89.7592918799672,0.0390766523666454,860.603523523122,0.374663213243649,0.0,0.0,42.0801085374804,0.0183195493015784,26.1411323655428,0.0113805258544688,11907.0,12087.0,4425.0,4573.0,14102.0,1720.0,18890.0,2028.7585931255,8.0,134.482014388489,1886.27657873701,4308.38369304556,342.0,605.0,3361.38369304556,3943.89208633094,226.0,1548.0,2169.89208633093,21890.2877697842,12473.3621103118,6449.3101518785,2967.61550759393,61048.9464489176,10290.131788834,66961.4751234333,19481.5298139005,7795.0,47479.9453095328,15817.1879984808,842.579946828713,356.0,116.0,124.0,290,460.608051652108,1268.15381693885,207.0,21742,53833,4290,1087,1763
16,23,Humboldt Park,65836,56323,54173,19072,56153.0,3941.0,12699.0,13649.0,11082.0,8950.0,3670.0,1694.0,468.0,32.6184068891281,6777.0,30190.0,16932.0,1256.0,998.0,55833.0,43251.0,27050.0,24241.0,2809.0,16201.0,23543.0,2704.0,20839.0,11805.0,2267.0,5303.0,1296.0,168.0,707415.0,5085.0,7912.0,4180.0,2005.0,35662.0,7724.0,10909.0,6393.0,1923.0,4920.0,3793.0,5009.0,3891.0,2687.0,2232.0,2707.0,2656.0,56531.190926276,27541.7028653856,19182.0,7813.0,11369.0,1925.0,21107.0,4363.0,379.0,6556.0,5427.0,2140.0,1059.0,1123.0,60.0,5.80053007605439,766.0,1959.0,1902.0,3340.0,13140.0,1930.15791476408,2789.0,7229.0,7620.0,1847.0,1622.0,1040.0,1150.0,121.0,317145.27027027,394.0,2472.0,3995.0,3722.0,493,1308.03830528149,18181.0,3887.0,1001.0,17546.0,17099.0,1636.0,4133.0,3600.0,7733.0,1423.0,1637.0,2888.0,3860.0,1312.0,41017.0,3185.0,826.0,4407.0,1317.0,1183.0,10323.0,787.0,56145.0,18507,7335,9524.854661,2306.72336545344,283.524314205979,0.122912143888673,423.796055829589,0.183722097836505,37.0993271619728,0.0160831280064136,135.552567441718,0.0587641194743228,149.132815067764,0.0646513653527968,329.582651087759,0.142879140179417,824.832331485063,0.357577481477898,0.0,0.0,16.0230656083332,0.00694624498468349,107.180237565265,0.04646427879929,5012.0,5326.0,3238.0,5606.0,12412.0,3628.0,6770.0,3687.0,0.0,64.0,3623.0,4620.0,236.0,687.0,3697.0,2638.0,831.0,946.0,861.0,7548.0,4851.0,1972.0,725.0,43731.0,12422.0,52212.0,24894.0,11338.0,27318.0,23644.0,287.0,227.0,96.0,16.0,0,56.0,296.0,272.0,2184,31607,31207,239,599
17,24,West Town,87435,82236,87781,42920,88164.0,4996.0,6682.0,38692.0,22875.0,8794.0,3518.0,1967.0,640.0,33.2041469126635,54160.0,17452.0,5355.0,5812.0,5385.0,87642.4012789768,77428.1963539689,65855.7614887961,63327.8530193695,2516.90846942651,11572.4348651728,62661.1997721231,23064.6718571971,39596.5279149259,19645.8207368021,2525.24420812761,11566.6399544246,4560.70945689328,1298.11355867831,1132115.26395746,9044.77777777778,24696.6035171862,8746.83213429257,1225.40207833733,71284.0,3465.0,5586.0,5822.0,2513.0,32920.0,20978.0,3588.0,3242.0,4156.0,4672.0,7413.0,20686.0,141208.345620761,93905.7515198947,43757.0,18319.0,25438.0,2747.0,46504.0,4935.0,1642.0,5052.0,14940.0,10622.0,2790.0,6467.0,56.0,4.86975051052118,6170.0,12607.0,4221.0,4885.0,18621.0,1968.30553702468,9564.0,21023.0,11549.0,2973.0,1395.0,369.0,9246.0,2769.0,616455.954323002,753.0,1181.0,3755.0,12336.0,7185,2051.69561621175,42925.0,1427.0,832.0,42487.0,41519.0,1270.0,2528.5336118496,2806.5336118496,5335.0672236992,856.567793391569,1112.68135206988,2851.10748195974,2139.97683251044,865.0,76692.2195214584,2322.71553361185,304.0,3280.39688568173,735.670338017471,1015.0,4107.0,296.0,87745.9217622484,48032,38277,8088.8278,2928.44164114482,260.054403627091,0.0888030001941333,693.521310416505,0.236822650201554,142.450731201394,0.048643868875497,151.773199434112,0.0518272917929069,129.741398442413,0.0443039043768319,187.039208267372,0.0638698772888136,1054.19730880189,0.359985766487657,0.0,0.0,249.008497537839,0.0850310602196237,60.6555834162033,0.020712580562982,15890.0,18678.0,5387.0,3802.0,16912.0,1450.0,26845.0,2478.2414068745,39.0,233.517985611511,2205.72342126299,3806.61630695444,136.0,425.0,3245.61630695444,4131.10791366906,218.0,1222.0,2691.10791366906,32646.7122302158,19035.6378896882,10228.6898481215,3382.38449240607,76664.0535510824,11352.868211166,83063.5248765666,19049.4701860995,5937.0,64014.0546904672,10818.8120015192,3369.42005317129,710.0,333.0,172.0,315,606.391948347892,2506.84618306115,218.0,34445,40966,7979,1510,2535
18,25,Austin,117527,98514,96557,35864,97452.0,5937.0,20049.0,19062.0,19289.0,18080.0,9268.0,4131.0,1636.0,37.8676126617808,5452.0,21212.0,67261.0,830.0,2697.0,96292.0,76695.0,45523.0,38598.0,6925.0,31172.0,37487.0,3808.0,33679.0,20747.0,3940.0,7227.0,954.0,811.0,1232250.0,10644.0,14425.0,7132.0,3580.0,65321.0,11198.0,23052.0,15011.0,5366.0,6259.0,4435.0,10659.0,7989.0,5682.0,3340.0,4385.0,3726.0,47532.5732899023,25316.1341994007,35781.0,15315.0,20466.0,2937.0,38718.0,10205.0,1000.0,10291.0,7811.0,3581.0,1798.0,3961.0,71.0,5.69258412283567,528.0,2395.0,4003.0,12631.0,19161.0,1940.55338177753,7867.0,13291.0,11118.0,4024.0,2418.0,2962.0,559.0,361.0,265187.682215743,1464.0,5176.0,8990.0,3431.0,466,1158.68217841902,32740.0,6937.0,3041.0,31378.0,29834.0,4403.0,8829.0,8489.0,17318.0,3736.0,5129.0,6259.0,10046.0,3456.0,73285.0,5590.0,1332.0,9328.0,3197.0,3461.0,11253.0,965.0,96766.0,34122,13171,9487.571926,4574.24851893342,950.912496144686,0.207883872554963,784.260953992165,0.171451321620591,58.4002309356005,0.0127671749127478,193.132629127532,0.042221717584458,221.478047990858,0.0484184554193178,472.441890099727,0.103282951974347,1470.71180417101,0.321519873282691,0.0,0.0,200.624775423981,0.0438596142281226,222.285691047863,0.0485950184227624,12483.0,9528.0,5196.0,8574.0,21983.0,5582.0,13798.0,7203.0,12.0,405.0,6786.0,9557.0,630.0,1865.0,7062.0,5595.0,1264.0,2285.0,2046.0,11336.0,7956.0,2224.0,1156.0,86848.0,10604.0,91515.0,17586.0,8197.0,73929.0,16095.0,311.0,40.0,66.0,84.0,25,275.0,445.0,245.0,5662,4841,105369,642,1013
19,26,West Garfield Park,23019,18001,17433,6573,15096.0,749.0,3130.0,3209.0,2912.0,2797.0,1408.0,604.0,287.0,38.0026109660574,176.0,1257.0,13447.0,107.0,109.0,14927.0,12176.0,6937.0,5599.0,1311.0,5239.0,5522.0,444.0,5078.0,3151.0,216.0,1329.0,209.0,173.0,163435.0,1946.0,2522.0,1022.0,426.0,10192.0,2269.0,3440.0,2781.0,632.0,603.0,467.0,2280.0,1341.0,907.0,428.0,758.0,202.0,38641.7322834646,21155.7835188129,5916.0,1883.0,4033.0,1482.0,7398.0,737.0,96.0,2935.0,1902.0,488.0,282.0,947.0,11.0,5.6536312849162,286.0,538.0,914.0,1620.0,4040.0,1935.7797029703,1442.0,2198.0,2827.0,615.0,316.0,500.0,0.0,11.0,215425.531914894,400.0,762.0,1632.0,1008.0,43,1231.01458080194,5278.0,932.0,638.0,5091.0,4908.0,825.0,1575.0,1968.0,3543.0,928.0,958.0,1358.0,1907.0,602.0,11669.0,1274.0,479.0,1950.0,513.0,601.0,1510.0,263.0,15066.0,5612,3407,9062.92094,828.577826190527,49.4203299617066,0.0596447652828483,182.269621932842,0.21997887967971,8.50946190517957,0.0102699609333051,35.2840526655698,0.0425838726915875,42.0162531275421,0.0507088794793317,40.5094095586874,0.0488902892139096,334.345190536468,0.403516941883003,0.0,0.0,6.62141954014222,0.00799130670752424,129.60208696239,0.156415104128781,2193.0,1367.0,1203.0,1153.0,3385.0,982.0,2531.0,1561.0,27.0,72.0,1462.0,1616.0,42.0,269.0,1305.0,898.0,202.0,253.0,443.0,1378.0,881.0,406.0,91.0,14491.0,605.0,14347.0,1080.0,570.0,13267.0,975.0,13.0,0.0,0.0,0.0,0,65.0,7.0,20.0,133,201,22564,18,103
20,27,East Garfield Park,20881,20567,19992,7828,20731.0,1312.0,4726.0,4813.0,4145.0,3535.0,1450.0,510.0,240.0,33.4358891752577,1581.0,2197.0,16382.0,151.0,420.0,20300.0,15751.0,9214.0,7522.0,1692.0,6537.0,7284.0,711.0,6573.0,3438.0,974.0,1542.0,162.0,457.0,234220.0,2931.0,3243.0,1148.0,490.0,13311.0,2093.0,3760.0,3486.0,888.0,1981.0,1103.0,3062.0,1691.0,900.0,629.0,769.0,761.0,37170.3296703297,24057.0802662679,7812.0,2463.0,5349.0,1116.0,8928.0,1057.0,491.0,2539.0,2198.0,778.0,435.0,1401.0,29.0,5.45817307692308,590.0,1593.0,800.0,1702.0,4243.0,1943.18903318903,2027.0,2606.0,2897.0,896.0,502.0,311.0,339.0,34.0,271494.464944649,936.0,731.0,1878.0,1365.0,156,1221.59672466735,7332.0,1492.0,480.0,7011.0,6568.0,801.0,1578.0,1996.0,3574.0,317.0,1293.0,1518.0,2276.0,695.0,14946.0,1307.0,263.0,2261.0,505.0,545.0,2095.0,133.0,20536.0,7411,4246,8482.945648,1236.98905781231,60.7423908448422,0.0491050348919569,205.994813445299,0.16652921231948,8.40833609342805,0.00679742156191643,39.7115527187405,0.0321033985449903,92.6954527391915,0.0749363562707089,72.2772218552276,0.0584299605552328,411.299103104181,0.332500195136398,0.0,0.0,182.247706977284,0.14733170501896,163.612480034111,0.132266715700356,2844.0,2069.0,1171.0,1728.0,4558.0,1914.0,3254.0,1952.0,108.0,170.0,1674.0,2076.0,58.0,190.0,1828.0,900.0,154.0,325.0,421.0,2097.0,1491.0,430.0,176.0,20166.0,565.0,19419.0,1762.0,338.0,17657.0,1458.0,71.0,33.0,46.0,0.0,35,8.0,17.0,94.0,235,207,20296,25,118
21,28,Near West Side,46419,54881,67881,33918,68165.0,2973.0,7591.0,28142.0,16215.0,8231.0,3284.0,1116.0,613.0,32.6530456852792,28578.0,7888.0,16540.0,11691.0,3468.0,63841.0,60984.0,46624.0,43749.0,2857.0,14360.0,43057.0,11583.0,31474.0,12839.0,943.0,6013.0,10874.0,805.0,797360.0,12253.0,19669.0,3829.0,631.0,51498.0,2295.0,4347.0,5514.0,2389.0,18634.0,18319.0,6446.0,3868.0,2831.0,3561.0,5817.0,13859.0,111332.417582418,87447.4711362136,36382.0,12608.0,23774.0,2573.0,38955.0,1402.0,2495.0,2094.0,3339.0,2526.0,1387.0,25712.0,0.0,3.81303076052085,8590.0,13633.0,5328.0,3435.0,7969.0,1999.63671463671,17947.0,13633.0,5363.0,1639.0,373.0,369.0,3930.0,1087.0,451083.238312429,2545.0,1854.0,1929.0,9702.0,7294,2148.98746383799,35174.0,1792.0,1208.0,35364.0,32984.0,1018.0,3996.0,3016.0,7012.0,1028.0,1699.0,3555.0,3031.0,1328.0,60188.0,2453.0,458.0,4436.0,1106.0,1012.0,2788.0,264.0,67950.0,32039,151808,7051.558454,3638.49758655497,154.761879393221,0.0425345560115526,401.30559907243,0.110294315036882,44.6393871899976,0.0122686317987264,419.28272060186,0.115235124011405,550.054008598318,0.151176136719421,255.818916572141,0.0703089422176468,1557.77327091498,0.428136403517563,1.10398374864937,0.00030341747448969,57.8085498011892,0.015888027523999,195.949270662187,0.0538544456883143,19096.0,11544.0,3584.0,2158.0,11864.0,1431.0,24518.0,4271.0,150.0,720.0,3401.0,4803.0,935.0,626.0,3242.0,2637.0,267.0,323.0,2047.0,23199.0,13277.0,6803.0,3119.0,55852.0,12313.0,65192.0,16816.0,3875.0,48376.0,5478.0,1516.0,2718.0,195.0,620.0,448,1634.0,3965.0,242.0,11731,4415,24546,4861,866
22,29,North Lawndale,41768,35912,34794,12838,33958.0,2448.0,7666.0,7372.0,6649.0,5744.0,2576.0,1031.0,472.0,33.7506160670281,1435.0,5105.0,26663.0,128.0,627.0,33047.0,26497.0,14389.0,12140.0,2249.0,12108.0,11837.0,1253.0,10584.0,6368.0,1254.0,2555.0,213.0,194.0,383810.0,3970.0,5143.0,2010.0,1184.0,21301.0,3541.0,7381.0,5228.0,1899.0,2144.0,1108.0,4145.0,2714.0,1956.0,1215.0,1416.0,861.0,42220.5882352941,23895.6990105424,12307.0,3277.0,9030.0,2697.0,15004.0,1967.0,202.0,4179.0,4976.0,2180.0,456.0,1016.0,28.0,5.66070966070966,790.0,2097.0,1144.0,2894.0,8079.0,1936.42901349177,1817.0,5243.0,5983.0,1215.0,746.0,670.0,106.0,99.0,252548.076923077,1204.0,1799.0,3373.0,2335.0,136,1203.5100286533,11307.0,2793.0,1000.0,10640.0,10319.0,1667.0,3660.0,2938.0,6598.0,872.0,1178.0,2790.0,3602.0,999.0,24780.0,2094.0,563.0,3950.0,1113.0,972.0,4695.0,558.0,33748.0,11239,4958,9630.98856,2054.34845470431,111.259635343701,0.0541581128016158,346.594420433046,0.168712576310689,19.2282335898963,0.00935977221676538,69.7672557715346,0.0339607701954226,139.959587941014,0.0681284558228265,216.412159819764,0.105343452968846,673.655497765617,0.327916861534855,0.0,0.0,171.877021861477,0.083664979749609,305.594642178258,0.148755018399371,4297.0,3118.0,1832.0,3060.0,7279.0,2236.0,5028.0,2703.0,70.0,198.0,2435.0,3650.0,273.0,518.0,2859.0,1901.0,429.0,679.0,793.0,3470.0,2510.0,794.0,166.0,31966.0,1992.0,31510.0,4530.0,1844.0,26980.0,3770.0,87.0,60.0,10.0,133.0,11,55.0,138.0,266.0,383,1896,39164,54,271
23,3,Uptown,63551,56362,57182,32215,56344.0,1885.0,3963.0,19379.0,14021.0,10149.0,3497.0,2584.0,866.0,37.3842292746114,29284.0,7971.0,10713.0,5831.0,2545.0,54143.0,51507.0,39240.0,37394.0,1846.0,12267.0,36753.0,11172.0,25581.0,10656.0,715.0,10672.0,2738.0,800.0,902560.0,14095.0,14995.0,3349.0,456.0,46636.0,3389.0,5679.0,6583.0,2597.0,16574.0,11814.0,6968.0,5131.0,5345.0,3979.0,4948.0,6524.0,70066.8316831683,56153.4295577169,32895.0,9632.0,23263.0,3300.0,36195.0,1419.0,472.0,997.0,2323.0,6785.0,3024.0,21175.0,0.0,4.04025101419878,2187.0,3450.0,6026.0,8273.0,16259.0,1948.18930957684,19763.0,10548.0,4822.0,714.0,348.0,1318.0,1366.0,612.0,355410.350235233,2588.0,3287.0,7469.0,8078.0,1608,1363.05780173705,31520.0,3259.0,1375.0,30945.0,29191.0,1950.0,4896.0,3453.0,8349.0,1688.0,1361.0,3923.0,3847.0,1438.0,49649.0,2952.0,135.0,5119.0,1239.0,1856.0,6217.0,840.0,55061.0,27450,11193,5419.641295,1483.87236525409,88.1788448343244,0.0594248177263041,361.820149859772,0.243835088739465,31.7015795748582,0.0213640878536273,58.6546412552955,0.0395280905748599,236.982855961228,0.159705687301918,7.27589676254725,0.00490331711332958,668.451883783109,0.4504780191581,0.0,0.0,24.9137430234783,0.0167896805728383,5.89277019948233,0.00397121095955801,18842.0,9702.0,2770.0,1581.0,9510.0,1158.0,23385.0,5019.0,200.0,661.0,4158.0,6399.0,611.0,1441.0,4347.0,5341.0,660.0,1997.0,2684.0,15375.0,9149.0,4644.0,1582.0,42930.0,13414.0,54459.0,16637.0,7064.0,37822.0,5337.0,1701.0,492.0,501.0,549.0,374,2324.0,2410.0,2949.0,26784,12674,13415,8206,2472
24,30,South Lawndale,91071,79288,73976,20817,69884.0,3403.0,13006.0,18316.0,14219.0,12274.0,5105.0,2513.0,1048.0,35.2467591539686,4295.0,56416.0,8292.0,666.0,215.0,61470.0,57812.0,30292.0,28008.0,2193.0,27520.0,27420.0,2545.0,24875.0,15136.0,2727.0,4297.0,2318.0,397.0,720170.0,4620.0,7907.0,4952.0,3301.0,47321.0,16733.0,15071.0,6314.0,2020.0,5014.0,2169.0,4499.0,5026.0,3509.0,2085.0,3676.0,1985.0,54569.4664553619,21848.8559040696,20780.0,9653.0,11127.0,1564.0,22344.0,5147.0,724.0,7345.0,6092.0,1872.0,243.0,572.0,349.0,5.32179259019576,217.0,1508.0,2104.0,4363.0,14152.0,1929.47145279819,4224.0,9798.0,5677.0,1942.0,703.0,1484.0,469.0,44.0,230563.618771166,486.0,4101.0,4837.0,1329.0,23,1062.03531598513,19339.0,4284.0,1441.0,18543.0,17749.0,2237.0,4631.0,4437.0,9068.0,1586.0,2001.0,3434.0,4761.0,1618.0,47612.0,3784.0,558.0,4797.0,1653.0,2060.0,9716.0,596.0,61469.0,17076,12682,10203.96481,2938.44060876981,237.543053734426,0.0808398349197451,434.670848178901,0.147925687822862,44.7155457262736,0.0152174407040318,101.61115063487,0.0345799572506624,318.937997953825,0.108539882345061,486.421026855978,0.165537130614194,1049.54014668141,0.357175892393075,0.0,0.0,47.7624920527722,0.0162543669966392,217.238346951353,0.0739298069537302,5372.0,5125.0,2959.0,7324.0,14290.0,1855.0,6490.0,2407.0,14.0,174.0,2219.0,6321.0,423.0,1175.0,4723.0,3465.0,1156.0,1561.0,748.0,7607.0,5785.0,1523.0,299.0,45397.0,24487.0,66481.0,48428.0,23772.0,18053.0,47387.0,261.0,135.0,197.0,19.0,58,113.0,245.0,13.0,3210,75613,11759,116,373
25,31,Lower West Side,44031,35769,35189,14267,33446.0,950.0,5264.0,11084.0,7270.0,4827.0,2817.0,912.0,322.0,34.3366405168436,7225.0,22821.0,791.0,1504.0,1105.0,33351.0,28661.0,20489.0,19064.0,1425.0,8172.0,18647.0,3483.0,15164.0,8297.0,1092.0,3996.0,1368.0,411.0,451415.0,3544.0,6940.0,3555.0,679.0,24399.0,5260.0,4310.0,3805.0,891.0,6041.0,4092.0,2581.0,2544.0,1808.0,2022.0,3180.0,2583.0,80267.0623145401,44128.6365185672,14718.0,4712.0,10006.0,1475.0,16193.0,2272.0,361.0,3394.0,5435.0,3316.0,400.0,973.0,42.0,4.9415770609319,919.0,1918.0,1582.0,2387.0,9387.0,1933.12613188452,3612.0,7150.0,4380.0,821.0,230.0,517.0,1104.0,81.0,362149.53271028,498.0,1789.0,3803.0,3279.0,438,1335.39123196448,14052.0,1447.0,666.0,13726.0,13085.0,992.0,2033.0,2217.0,4250.0,1231.0,921.0,2001.0,2069.0,680.0,27851.0,1623.0,229.0,2457.0,865.0,699.0,4004.0,266.0,33446.0,12554,19433,9008.255439,1872.14832810764,67.3229529257225,0.0359602665637996,232.784683139321,0.124340940108426,50.9660267475077,0.027223284598942,83.8632086682195,0.0447951732291363,89.3695656425389,0.0477363701907494,511.79823349147,0.273374831367552,742.619733650199,0.396667145706792,0.0,0.0,34.7678411180655,0.0185710932173888,58.6560827245941,0.0313308950172145,5176.0,5070.0,2195.0,2277.0,7103.0,1089.0,7615.0,1701.0,0.0,98.0,1603.0,3034.0,361.0,496.0,2177.0,1808.0,409.0,908.0,491.0,7720.0,5285.0,1965.0,470.0,21599.0,11847.0,32496.0,21239.0,8020.0,11257.0,19008.0,224.0,201.0,201.0,372.0,188,127.0,772.0,146.0,3587,39144,774,121,405
26,32,The Loop,16388,29283,47614,27449,42550.0,1152.0,3807.0,20778.0,7487.0,5223.0,2876.0,969.0,258.0,31.8345629965948,21242.0,4488.0,4661.0,10327.0,1832.0,38462.0,40322.0,30042.0,28404.0,1634.0,10280.0,27746.0,8816.0,18930.0,5315.0,356.0,4147.0,8443.0,669.0,479455.0,12461.0,10640.0,1869.0,4.0,32107.0,1075.0,1031.0,1960.0,1131.0,12684.0,14226.0,2903.0,2509.0,1630.0,3135.0,6309.0,8488.0,119470.667565745,99109.1753701528,24974.0,8061.0,16913.0,2981.0,27955.0,303.0,279.0,43.0,90.0,289.0,52.0,26899.0,0.0,3.33895563770795,7282.0,9543.0,4679.0,1918.0,4533.0,2002.06976193296,16702.0,8623.0,2383.0,163.0,84.0,78.0,2392.0,803.0,439805.475504323,95.0,331.0,791.0,7953.0,7631,2430.1724137931,24839.0,273.0,135.0,24791.0,22149.0,183.0,2230.0,630.0,2860.0,458.0,285.0,1153.0,875.0,364.0,39399.0,950.0,0.0,1723.0,511.0,626.0,2129.0,157.0,41845.0,21073,464591,4660.179407,1059.19253238215,7.62200014766691,0.00719604785215474,106.123914653842,0.100193223997876,8.48759193241637,0.00801326640146109,204.361882986443,0.192941204491716,37.3911651114097,0.0353015754626933,0.383698768816637,0.0003622559233435,418.532290415979,0.395142788133796,0.0,0.0,261.678193447882,0.247054416876751,14.6117949176938,0.013795220860207,14344.0,8627.0,1419.0,584.0,7204.0,389.0,17770.0,1957.0,0.0,0.0,1957.0,2846.0,131.0,45.0,2670.0,1630.0,0.0,167.0,1463.0,17906.0,8121.0,5760.0,4025.0,30899.0,11651.0,41398.0,14108.0,1980.0,27290.0,2867.0,871.0,4035.0,441.0,356.0,414,1126.0,3796.0,202.0,10169,975,3221,1625,398
27,33,Near South Side,9509,21390,28795,15774,30482.0,1356.0,2469.0,10636.0,8483.0,4593.0,1727.0,1000.0,218.0,35.9276879162702,13084.0,2411.0,7941.0,5576.0,1470.0,30297.0,27064.0,21387.0,20478.0,883.0,5677.0,20041.0,5858.0,14183.0,8059.0,796.0,3620.0,1200.0,508.0,358810.0,3849.0,10289.0,2639.0,255.0,25232.0,576.0,1392.0,1839.0,654.0,10354.0,10417.0,2124.0,659.0,1220.0,3433.0,2908.0,6688.0,118169.582772544,92902.3760908077,17032.0,8445.0,8587.0,1027.0,18059.0,727.0,1437.0,236.0,234.0,355.0,114.0,14863.0,93.0,3.94211409395973,4000.0,10265.0,1008.0,1282.0,1504.0,2004.33551075572,7461.0,7588.0,2455.0,387.0,168.0,22.0,2434.0,956.0,436836.115326252,641.0,875.0,298.0,2762.0,3793,2388.77840909091,16874.0,1034.0,158.0,16456.0,15276.0,576.0,1526.0,1332.0,2858.0,959.0,542.0,869.0,1237.0,831.0,26770.0,1122.0,76.0,2154.0,337.0,291.0,719.0,8.0,30292.0,13840,12733,7524.865717,1140.88670659105,59.131950483764,0.0518298181073995,112.071002764454,0.0982314914504708,9.02591845508506,0.00791131880399797,311.993048231464,0.273465407589589,49.6306806010394,0.0435018484432475,15.5697252332462,0.0136470388718686,334.970821468436,0.293605683661022,0.0,0.0,164.610899677102,0.144283300634607,83.8826596764554,0.0735240924377983,8459.0,5617.0,1804.0,1152.0,5983.0,569.0,11049.0,1480.0,0.0,76.0,1404.0,924.0,22.0,241.0,661.0,1159.0,12.0,194.0,953.0,12911.0,5237.0,4210.0,3464.0,23388.0,7094.0,29126.0,8488.0,967.0,20638.0,1624.0,1279.0,1054.0,244.0,461.0,185,731.0,2526.0,384.0,2393,377,6052,516,171
28,34,Armour Square,12032,13443,15675,6334,13884.5163934426,576.327868852459,2037.66393442623,2971.52459016393,2218.82786885246,2958.34426229508,1614.59016393443,926.237704918033,581.0,43.6387494683114,1830.96721311475,649.565573770492,1630.0,9219.98360655738,554.0,13873.400540054,11805.6741086305,7178.32289236921,6341.92369210263,760.399200266578,4627.35121626125,5991.8037320893,623.099300233256,5368.70443185605,2584.071976008,1209.28390536488,645.309230256581,844.469510163279,85.5698100633122,146141.33622126,2042.17551755176,2564.60126012601,955.90099009901,234.080108010801,10365.8114754098,3041.08196721311,2557.86065573771,1219.85245901639,464.909836065574,1797.84426229508,1284.26229508197,1827.09129814551,1191.49786019971,706.213980028531,682.011412268188,741.16119828816,646.900142653352,45340.3379787117,30367.9409650212,5794.87589158345,2211.55968169761,3582.48143236074,331.803138373752,6125.64721485411,918.092838196286,660.302387267905,807.202917771883,953.049071618037,791.0,413.0,1556.0,27.0,4.82230599009125,316.119363395225,1821.24801061008,1238.66578249337,989.352785145889,1760.26127320955,1973.91025747165,1661.77586206897,1695.8050397878,2363.07161803714,236.238726790451,168.755968169761,48.0,473.124108416548,130.320970042796,382147.280048203,1159.0,536.0,564.941512125535,974.417974322397,216,1029.20034450775,5340.87589158345,1434.09129814551,454.0,5003.87589158345,4881.87589158345,791.0,1130.75441519494,977.784405198267,2108.5388203932,634.724425191603,363.179940019993,650.644785071643,1058.46951016328,407.0,11500.2542485838,976.028990336554,67.0899700099967,661.629790069977,488.0,891.819060313229,1299.30923025658,99.0,13811.3168943685,5100,5283,7119.618779,637.424176486129,55.7235544468244,0.087419894792831,79.8226077039165,0.125226827987522,10.2872922631268,0.0161388485762128,92.4590031703703,0.145050982659711,11.8366676941923,0.0185695305117593,14.355111113105,0.0225204999161456,344.240628865548,0.54004953304911,0.0,0.0,15.0192079805001,0.0235623444082325,13.6801032485463,0.0214615380984753,2057.62624821683,1538.1940085592,1035.63766048502,1163.4179743224,3288.40941512126,498.171184022825,2506.4664764622,1413.58055805581,12.0,348.0,1053.58055805581,1408.93069306931,204.067506750675,310.0,894.863186318632,675.201620162016,175.40504050405,272.45904590459,227.337533753375,2069.70837083708,1350.96759675968,377.268226822682,341.472547254725,6931.18693768744,6956.12995668111,13310.9373542153,8748.29290236588,6718.44585138287,4562.64445184938,321.438520493169,63.5294901699434,7764.82539153615,120.0,0.374875041652782,37,192.464845051649,227.659780073309,21.0,2062,448,2046,7305,171
29,35,Douglas,26470,18238,20291,9878,21088.0,1079.0,2918.0,7205.0,3425.0,2704.0,2228.0,1074.0,455.0,33.3745059288538,2212.0,1651.0,13520.0,2721.0,984.0,19243.0,18102.0,10665.0,8860.0,1668.0,7437.0,8592.0,1909.0,6683.0,3552.0,407.0,1895.0,518.0,311.0,214405.0,4808.0,4369.0,1109.0,151.0,14498.0,1403.0,2942.0,3324.0,916.0,2879.0,3034.0,3289.0,2253.0,1754.0,993.0,1076.0,1072.0,46865.3100775194,36575.2969461305,10437.0,2052.0,8385.0,921.0,11358.0,464.0,859.0,160.0,495.0,531.0,240.0,8609.0,0.0,3.92825951341235,421.0,1301.0,2871.0,4921.0,1844.0,1964.37888198758,5911.0,2657.0,2004.0,615.0,171.0,522.0,407.0,37.0,321402.21402214,1667.0,1131.0,3329.0,1879.0,323,1199.31446907818,9771.0,1856.0,666.0,9506.0,9237.0,931.0,1631.0,1720.0,3351.0,495.0,705.0,1206.0,2193.0,734.0,17200.0,1497.0,184.0,1624.0,870.0,673.0,1439.0,47.0,20343.0,6771,6489,6227.640058,1049.19222778042,73.8871865478781,0.0704229259343521,166.576967766214,0.158766871651928,3.85244868292744,0.00367182350471406,64.1755636612159,0.0611666403562486,186.852792683736,0.178092048088296,0.950332754998526,0.00090577563370724,367.683505992092,0.350444366872535,0.0,0.0,74.3735111285307,0.0708864487929625,110.839918562823,0.105643099165257,5980.0,2423.0,1095.0,939.0,3503.0,762.0,6934.0,2158.0,16.0,223.0,1919.0,2593.0,374.0,351.0,1868.0,1754.0,235.0,1039.0,480.0,3134.0,1898.0,972.0,264.0,16736.0,4352.0,20009.0,4811.0,1501.0,15198.0,1029.0,190.0,596.0,71.0,320.0,32,631.0,1394.0,548.0,1745,295,22635,1390,405
30,36,Oakland,6110,5918,6799,3217,6937.0,539.0,1602.0,1101.0,1421.0,1272.0,644.0,249.0,109.0,36.7640186915888,365.0,421.0,5801.0,0.0,350.0,6937.0,5253.0,3054.0,2625.0,429.0,2199.0,2572.0,681.0,1891.0,1050.0,175.0,578.0,34.0,54.0,59215.0,1284.0,1431.0,435.0,144.0,4553.0,440.0,1219.0,842.0,388.0,869.0,795.0,1545.0,465.0,328.0,183.0,198.0,575.0,27756.7567567568,37429.049445005,3294.0,890.0,2404.0,246.0,3540.0,237.0,315.0,140.0,258.0,967.0,321.0,1286.0,16.0,4.696,649.0,1300.0,498.0,588.0,505.0,1997.81659388646,1177.0,1046.0,857.0,234.0,226.0,30.0,306.0,63.0,428301.886792453,631.0,725.0,493.0,417.0,18,923.297491039427,3052.0,564.0,242.0,2885.0,2793.0,409.0,362.0,675.0,1037.0,160.0,182.0,546.0,584.0,277.0,4956.0,523.0,135.0,614.0,220.0,68.0,517.0,10.0,6937.0,2470,173,7954.339786,365.51615882393,26.850373872291,0.0734587875914533,62.4430098263627,0.170835155488821,0.483541345117953,0.00132290005091369,4.60102285025566,0.0125877413054999,13.1397127070465,0.0359483770822179,0.0,0.0,208.400486231246,0.570153962281138,0.0,0.0,15.8752172356557,0.0434323267314231,33.7227947559549,0.0922607494685325,1622.0,878.0,310.0,484.0,1583.0,536.0,1711.0,1161.0,37.0,157.0,967.0,597.0,44.0,32.0,521.0,328.0,77.0,194.0,57.0,956.0,587.0,283.0,86.0,6028.0,909.0,6398.0,869.0,303.0,5529.0,170.0,0.0,10.0,0.0,0.0,0,0.0,217.0,472.0,40,58,5957,8,47
31,37,Fuller Park,3420,2942,3893,1588,2344.57831325301,78.3012048192771,548.0,283.771084337349,416.674698795181,484.963855421687,363.638554216867,139.228915662651,30.0,42.9494821924728,58.3734939759036,196.493975903614,1811.78313253012,39.9277108433735,238.0,2336.31668856767,1939.70318021201,945.195524146054,743.872791519435,201.32273262662,994.50765606596,682.989399293286,62.8091872791519,620.180212014134,278.128386336867,125.164899882214,187.544169611307,23.6819787985866,5.66077738515901,21736.902237927,559.4185282523,336.693166885677,150.835085413929,2.67739816031537,1637.80722891566,370.361445783133,459.265060240964,491.915662650602,100.674698795181,126.156626506024,89.433734939759,637.346723044397,157.012684989429,97.0,9.79281183932347,113.505285412262,33.4439746300211,20239.6645761899,16779.0065159301,1048.10147991543,295.0,751.202247191011,348.224101479915,1394.17228464419,381.977528089888,160.74531835206,282.700374531835,81.8988764044944,46.0224719101124,0.827715355805244,440.0,0.0,5.24304697314799,14.9962546816479,90.7078651685393,222.681647940075,805.827715355805,259.958801498127,1962.12670153718,504.217228464419,278.355805243446,468.940074906367,115.074906367041,27.5842696629213,117.0,3.64693446088795,0.0,179159.704698902,326.118393234672,120.488372093023,174.008456659619,116.374207188161,0,592.790155580853,831.101479915433,142.704016913319,217.0,831.101479915433,753.568710359408,217.0,237.744405182568,338.844522968198,576.588928150766,185.163722025913,90.5806831566549,195.803297997644,349.265017667845,89.3427561837456,1838.16018845701,231.844522968198,55.0,247.905771495878,232.26148409894,41.4216725559482,90.4475853945819,24.0,2354.55948174323,802,1318,6218.433673,457.224637212341,26.8397906058678,0.0587015406026842,26.0088794277141,0.0568842475031266,1.2514538631009,0.0027370656811735,17.7341978818871,0.0387866191769782,18.6042210785326,0.040689454514002,21.9731670057403,0.0480577055945821,263.949799788125,0.57728691392792,0.0,0.0,12.9118061257233,0.0282395240213771,67.9513214356499,0.148616928978157,513.175475687104,216.879492600423,91.276955602537,226.76955602537,454.92600422833,164.6955602537,593.175475687104,435.856110381078,26.0,151.0,258.856110381078,276.301576872536,59.542049934297,56.542049934297,160.217477003942,99.7266754270697,68.7904073587385,0.0,30.9362680683311,144.146517739816,97.1038107752957,28.5663600525624,18.476346911958,2144.13780918728,210.421672555948,2273.5359246172,202.183745583039,71.3757361601885,2071.35217903416,99.8233215547703,4.74558303886926,23.5724381625442,58.0,0.0,0,0.160188457008245,15.8822143698469,0.0,18,116,3225,6,55
32,38,Grand Boulevard,28006,21929,24589,11278,25181.0,1621.0,4228.0,5456.0,5089.0,4741.0,2426.0,1123.0,497.0,38.289406345957,1426.0,1158.0,21151.0,131.0,1315.0,24935.0,20609.0,13191.0,10924.0,2267.0,7418.0,10710.0,2695.0,8015.0,4840.0,537.0,2019.0,481.0,138.0,248110.0,3589.0,6290.0,1747.0,621.0,17864.0,1844.0,3539.0,3926.0,1622.0,4034.0,2899.0,4334.0,1786.0,1172.0,1496.0,2069.0,1390.0,50075.1072961373,38990.0875263095,12247.0,3806.0,8441.0,1196.0,13443.0,1556.0,596.0,502.0,2844.0,3881.0,776.0,3288.0,0.0,4.97294036539124,1230.0,4064.0,1409.0,2472.0,4268.0,1969.80021598272,3975.0,3629.0,3935.0,1508.0,396.0,255.0,750.0,142.0,310739.436619718,1631.0,1594.0,2109.0,2463.0,289,1181.77777777778,11499.0,2122.0,748.0,11351.0,10720.0,896.0,2202.0,2542.0,4744.0,744.0,959.0,1667.0,2830.0,997.0,19664.0,1779.0,224.0,2193.0,1289.0,1038.0,1997.0,466.0,24989.0,8692,2871,9304.966674,1113.23477177959,82.056809272751,0.0737102463495432,261.413336747418,0.234823186783439,11.9051421937734,0.010694188230163,37.1702445346091,0.0333894030952605,107.611122932425,0.0966652548594047,7.94954721688552,0.00714094404738864,374.548512554295,0.336450605073673,1.82128958336218,0.00163603368268017,29.713050074465,0.0266907312165308,199.045716669606,0.178799406661917,6103.0,2992.0,1535.0,1617.0,5593.0,1664.0,6654.0,3278.0,108.0,286.0,2884.0,2084.0,127.0,420.0,1537.0,1172.0,235.0,366.0,571.0,4955.0,2295.0,1728.0,932.0,23703.0,1478.0,23560.0,2124.0,759.0,21436.0,1292.0,35.0,15.0,7.0,77.0,25,1.0,248.0,424.0,173,236,27370,21,206
33,39,Kenwood,18363,17841,19116,10097,18417.0,852.0,3318.0,3745.0,3696.0,3343.0,2138.0,819.0,506.0,39.3669817690749,3752.0,641.0,11596.0,1042.0,1386.0,18253.0,15384.0,9756.0,8588.0,1168.0,5628.0,8284.0,2431.0,5853.0,3063.0,450.0,1207.0,945.0,188.0,170285.0,3553.0,4487.0,1447.0,429.0,13185.0,725.0,1919.0,2206.0,701.0,2602.0,5032.0,2320.0,1965.0,1211.0,903.0,1350.0,2167.0,64745.8703939009,66442.8083835587,9916.0,3718.0,6198.0,1316.0,11232.0,1082.0,1068.0,83.0,517.0,1443.0,478.0,6561.0,0.0,4.67498976668031,280.0,1640.0,2420.0,3840.0,3052.0,1964.38132981066,4429.0,3330.0,2020.0,794.0,659.0,537.0,839.0,443.0,374074.074074074,1040.0,905.0,1668.0,2104.0,453,1340.96385542169,9353.0,1000.0,563.0,9328.0,8693.0,588.0,1838.0,1358.0,3196.0,532.0,484.0,1157.0,1872.0,490.0,14657.0,1009.0,296.0,1461.0,802.0,637.0,963.0,80.0,18282.0,6784,1083,7099.721092,664.496448774829,139.940258025694,0.210595945672412,127.404422675,0.191730780367455,0.576347069885548,0.00086734409333291,25.6039334403974,0.0385313322405332,52.4288016038418,0.0789000478490259,0.607836344272422,0.00091473226891298,254.211065775677,0.382561962888411,0.0,0.0,47.8691682128623,0.0720382604017245,15.8546156271978,0.0238595942181931,5271.0,2590.0,1266.0,789.0,3917.0,1102.0,5999.0,1689.0,51.0,322.0,1316.0,2216.0,303.0,257.0,1656.0,1203.0,145.0,478.0,580.0,4413.0,2769.0,961.0,683.0,16484.0,1933.0,17565.0,2322.0,518.0,15243.0,442.0,35.0,355.0,21.0,54.0,37,411.0,765.0,202.0,2915,301,13900,785,462
34,4,Lincoln Square,44574,39493,40494,19143,41651.0,2194.0,5571.0,11034.0,11648.0,6476.0,2697.0,1502.0,529.0,36.8096981603858,25958.0,7405.0,1732.0,3814.0,2742.0,41181.0,35249.0,27652.0,26194.0,1434.0,7597.0,25895.0,7080.0,18815.0,9901.0,1232.0,5535.0,1724.0,423.0,647855.0,4419.0,10711.0,4067.0,674.0,31693.0,1595.0,3703.0,3596.0,1308.0,12609.0,8882.0,2112.0,2871.0,3116.0,2625.0,3505.0,5642.0,92490.4761904762,63079.3457780125,19871.0,8092.0,11779.0,1308.0,21179.0,3022.0,404.0,2798.0,4301.0,4692.0,2445.0,3484.0,33.0,5.13192454632283,977.0,1900.0,2334.0,6156.0,9812.0,1943.76149008224,6690.0,8221.0,4244.0,1228.0,796.0,395.0,2666.0,729.0,446287.128712871,66.0,500.0,4802.0,5470.0,700,1555.26460859978,19484.0,951.0,387.0,19221.0,18822.0,650.0,1847.0,1541.0,3388.0,735.0,431.0,1727.0,1437.0,651.0,34121.0,1276.0,190.0,1799.0,586.0,813.0,3320.0,168.0,41177.0,19886,9608,7752.129362,1638.0249099849,237.997597039562,0.14529546870063,342.875757116861,0.209322675758345,38.9293253404305,0.0237660154635801,52.6433265769802,0.0321382942689593,384.263181268553,0.234589339225675,38.7977611115251,0.0236856966429667,456.715607405444,0.278820916960081,0.0,0.0,82.6856991899811,0.0504789021741699,3.11665493556022,0.00190269080559279,7819.0,6776.0,2871.0,2405.0,9405.0,867.0,10466.0,1472.0,17.0,19.0,1436.0,3283.0,49.0,212.0,3022.0,3091.0,349.0,1292.0,1450.0,11649.0,7199.0,3513.0,937.0,32680.0,8971.0,39457.0,11547.0,4994.0,27910.0,4903.0,1249.0,293.0,1183.0,81.0,65,889.0,2457.0,427.0,23716,11831,1342,5921,1764
35,40,Washington Park,14146,11717,12707,5168,12313.0,913.0,2980.0,2737.0,2737.0,1963.0,755.0,211.0,17.0,32.1680622009569,241.0,357.0,11318.0,11.0,386.0,12278.0,9337.0,6083.0,5043.0,1040.0,3254.0,4856.0,860.0,3996.0,2535.0,159.0,1082.0,43.0,177.0,144720.0,1924.0,2458.0,571.0,377.0,7523.0,1035.0,1953.0,2176.0,359.0,1128.0,872.0,2345.0,1104.0,593.0,576.0,458.0,254.0,35737.1794871795,22395.8013481686,5330.0,700.0,4630.0,815.0,6145.0,270.0,156.0,313.0,887.0,2231.0,453.0,1835.0,0.0,4.91784615384615,495.0,934.0,845.0,1471.0,2400.0,1949.90427098675,1350.0,2188.0,2062.0,513.0,32.0,143.0,65.0,37.0,231896.551724138,639.0,1054.0,1660.0,1068.0,19,1117.52899197145,4915.0,1154.0,415.0,4990.0,4771.0,340.0,1052.0,1272.0,2324.0,337.0,890.0,795.0,1241.0,491.0,8860.0,790.0,76.0,1718.0,449.0,81.0,1013.0,27.0,12308.0,3926,682,8477.172588,972.770414041606,15.8576690673365,0.0163015536229685,129.304192391864,0.132923648299128,5.0241027759512,0.00516473640997917,37.4466269668907,0.0384948251163497,42.8939405944886,0.0440946188076132,8.4524407902263,0.00868903974485472,237.963551873714,0.244624577843643,0.0,0.0,350.849947969963,0.360670866327311,144.977941611172,0.149036133828153,2346.0,1399.0,679.0,906.0,2691.0,1281.0,2639.0,1463.0,15.0,137.0,1311.0,1527.0,118.0,269.0,1140.0,567.0,44.0,361.0,162.0,1278.0,793.0,371.0,114.0,11757.0,556.0,11400.0,978.0,504.0,10422.0,539.0,15.0,0.0,0.0,0.0,0,22.0,102.0,300.0,74,134,13798,5,135
36,41,Hyde Park,29920,25681,29456,14818,30599.0,872.0,4869.0,11997.0,4578.0,3789.0,2604.0,1303.0,587.0,30.9479893652376,12453.0,2469.0,7941.0,5160.0,2576.0,27622.0,27280.0,17456.0,16266.0,1175.0,9824.0,15908.0,4324.0,11584.0,3328.0,573.0,2545.0,4834.0,304.0,293135.0,6486.0,6983.0,1231.0,327.0,20036.0,530.0,1305.0,1627.0,528.0,4869.0,11177.0,3082.0,2647.0,2300.0,1802.0,1649.0,3547.0,69838.1174899866,62330.1718683617,15027.0,5182.0,9845.0,1496.0,16523.0,804.0,1661.0,156.0,936.0,3368.0,989.0,8543.0,66.0,4.54573170731707,980.0,1383.0,1872.0,3786.0,8502.0,1938.58562691131,6846.0,4609.0,3079.0,1503.0,486.0,697.0,1088.0,304.0,361433.447098976,183.0,1167.0,3025.0,3942.0,1474,1604.47611401044,14652.0,743.0,375.0,14668.0,14097.0,359.0,2246.0,1440.0,3686.0,696.0,975.0,1414.0,1866.0,490.0,26872.0,1261.0,171.0,2015.0,583.0,917.0,1154.0,174.0,30551.0,11499,29124,5545.4616,1032.26185330684,98.3105146106797,0.0952379614685396,178.392506708473,0.172817106567481,8.29882473990668,0.00803945695883415,29.5221420581076,0.028599470147554,182.260994892991,0.176564690741134,1.87077247430378,0.00181230418261683,255.28257408112,0.247304085938394,0.0,0.0,275.828437669897,0.267207818235542,2.49508607135778,0.00241710575990463,7673.0,4212.0,1900.0,1242.0,4992.0,721.0,10035.0,2042.0,25.0,24.0,1993.0,3013.0,117.0,201.0,2695.0,2269.0,318.0,917.0,1034.0,6991.0,4179.0,1871.0,941.0,24024.0,6575.0,29727.0,8560.0,2778.0,21167.0,1946.0,338.0,2072.0,199.0,89.0,261,901.0,2376.0,378.0,13020,1230,11290,3366,1014
37,42,Woodlawn,27086,23740,24425,10517,23801.0,1234.0,5231.0,6565.0,3832.0,3674.0,2068.0,817.0,380.0,32.7014652014652,2506.0,992.0,18065.0,998.0,1240.0,22299.2328225408,19178.6388434261,11344.4500818331,9833.83524277141,1466.61483906165,7834.18876159302,9387.83524277141,1421.38843426077,7966.44680851064,4123.35406437534,542.57937806874,1876.81069285325,1198.70267321331,225.0,252482.868248772,3913.50568462679,4594.90113692536,1582.15768660405,308.03855659911,14831.0,1701.0,3367.0,3913.0,1360.0,2247.0,2243.0,3981.0,2044.0,1320.0,1168.0,1064.0,854.0,39802.036199095,27109.2236880803,10431.0,2491.0,7940.0,2140.0,12571.0,1344.0,626.0,1991.0,2122.0,2989.0,697.0,2748.0,54.0,5.38076606260297,784.0,1617.0,2236.0,3231.0,4703.0,1954.89229494615,3320.0,3155.0,4295.0,1182.0,619.0,310.0,351.0,107.0,270863.970588235,1411.0,1777.0,2048.0,2246.0,243,1173.66117404737,9714.0,1715.0,717.0,9257.0,8928.0,1174.0,2430.63829787234,1803.73895253682,4234.37725040916,585.71958537916,1132.03709765412,1293.91462084015,2475.04037097654,764.580196399345,18309.6388434261,1445.73895253682,296.0,2533.5632842335,820.092744135297,584.721222040371,2092.07255864703,191.0,23639.7550463721,8270,2856,8203.233565,1325.3145067351,70.9650351466347,0.0535458072676321,253.64949927237,0.191388155779893,6.05350187344336,0.00456759647817943,34.5657959114946,0.0260812024133404,147.76376387273,0.111493357329004,4.59226939957941,0.00346504122322815,359.727248818198,0.271427836177831,0.0,0.0,340.545094281973,0.256954173934836,107.452298158679,0.0810768293960555,5265.0,2263.0,1113.0,1790.0,4488.0,1531.0,5943.0,2731.86060306476,93.0,282.822540781018,2356.03806228374,2819.34107760751,262.025704399407,716.325753830944,1840.98961937716,1227.63816114681,303.983687592684,281.638655462185,642.015818091943,3050.76322293623,2111.60899653979,681.022244191794,258.131982204647,22436.3843426077,1495.37070376432,22618.6292962357,2371.38925259138,761.053191489362,20247.2400436443,1190.38925259138,52.0,356.0,0.0,0.0,81,100.0,432.0,160.0,761,288,25518,207,312
38,43,South Shore,61556,52010,53971,25748,53588.0,3091.0,8548.0,11346.0,10148.0,11011.0,6117.0,2283.0,1044.0,40.4540005993407,1911.0,1655.0,48243.0,213.0,1566.0,52746.7671774592,43314.3611565739,27665.5499181669,23545.1647572286,4120.38516093835,15648.811238407,23105.1647572286,2651.61156573923,20453.5531914894,12273.6459356247,1424.42062193126,5222.18930714675,535.297326786688,998.0,740567.131751228,9884.49431537321,12263.0988630746,3309.84231339595,1044.96144340089,39159.0,4589.0,11206.0,10554.0,3080.0,5153.0,4577.0,8494.0,5642.0,5008.0,2990.0,2516.0,1820.0,44027.9162512463,31376.1336306636,26470.0,6822.0,19648.0,4291.0,30761.0,4039.0,612.0,2671.0,3854.0,7282.0,2977.0,9269.0,57.0,5.05830098536877,376.0,1644.0,3740.0,10835.0,14166.0,1943.50910141578,11287.0,9643.0,6826.0,2243.0,762.0,2387.0,613.0,74.0,214728.312678742,1792.0,5191.0,8732.0,3363.0,95,1123.43542575384,24197.0,4743.0,2273.0,23792.0,22981.0,2678.0,5646.36170212766,4623.26104746317,10269.6227495908,1299.28041462084,2321.96290234588,3566.08537915985,5712.95962902346,2116.41980360065,41798.3611565739,3878.26104746318,756.0,5799.4367157665,2438.9072558647,1275.27877795963,4312.92744135297,723.0,52782.2449536279,16623,3408,8516.67903,1875.62668398663,372.994812286921,0.198864099914661,460.779615939307,0.245667018854692,19.403786688924,0.0103452285332609,88.9332912038958,0.0474152409768819,78.9288578370028,0.0420813259434123,10.0380129707618,0.00535181817174094,617.000207762655,0.328956829752084,0.0,0.0,141.585306815847,0.0754869335271496,85.9627924813129,0.0458315043261166,13836.0,6695.0,3242.0,2697.0,10881.0,3834.0,15589.0,6090.13939693524,136.0,467.177459218982,5486.96193771626,6797.65892239249,351.974295600593,1136.67424616906,5309.01038062284,4969.36183885319,1185.01631240732,2345.36134453782,1438.98418190806,7344.23677706377,5347.39100346021,1581.97775580821,414.868017795353,51629.6156573923,1827.62929623568,50445.3707037643,2336.61074740862,797.946808510638,48108.7599563557,1215.61074740862,9.0,12.0,8.0,105.0,0,57.0,282.0,648.0,703,636,59405,85,727
39,44,Chatham,37275,31065,32929,15555,29941.5634477255,1350.72146847566,5198.40383080607,6258.5786113328,4709.74940143655,6639.95051875499,3445.56264964086,1595.59696727853,743.0,41.1770720708627,375.0,1278.61372705507,27569.9497206704,127.0,591.0,29927.0346445327,25396.3253205128,15041.7326923077,12453.5096153846,2509.22307692308,10354.5926282051,12348.0028846154,2022.0625,10325.9403846154,5513.59807692308,1196.57467948718,3153.65064102564,182.800961538462,279.316025641026,378616.634615385,4412.99855647781,7186.67556838686,2509.94081559004,780.616744857452,21328.0774142059,2099.46129289705,4909.02075019952,6576.57382282522,1569.0,3899.53232242618,2274.48922585794,4502.02681992337,3558.90804597701,2673.51340996169,1156.95785440613,1865.64367816092,1139.77777777778,43564.0710011244,31387.8603332125,14896.8275862069,5791.05498281787,9103.21305841924,2366.12643678161,17259.6597938144,5555.64948453608,745.0,1398.34020618557,3021.0,4292.05498281787,1412.0,835.615120274914,0.0,5.55966295245926,365.092783505155,1287.34020618557,1518.61512027491,7399.91065292096,6688.70103092783,1949.647510619,4342.61512027491,5750.0824742268,4954.98625429553,1567.65979381443,644.316151202749,1469.11111111111,77.448275862069,159.0,222010.830245418,586.0,3189.29501915709,4029.6398467433,990.222222222222,56,1061.10296680098,13722.8275862069,3394.52873563218,1174.0,12559.8275862069,12006.8275862069,2337.0,2414.67532051282,2481.01602564103,4895.69134615385,771.626602564103,809.198717948718,1942.56923076923,2803.21217948718,1177.37852564103,24229.1865384615,2193.8907051282,196.16891025641,2625.31314102564,909.476602564103,1164.73269230769,2737.9858974359,348.092628205128,29849.253525641,10335,3066,8297.072711,1889.82276983438,527.183112915418,0.278959022682121,254.467341541054,0.13465143165957,16.5469146189258,0.00875580233398071,168.621434191786,0.0892260570056328,92.830029083128,0.0491210237091509,40.2336643511485,0.0212896494810857,684.227295762742,0.3620589754153,0.0,0.0,41.722580644037,0.0220775097591259,63.9903967261456,0.0338605279540332,7471.24137931035,3992.1724137931,1790.97318007663,1642.44061302682,6796.58620689655,1737.01915708812,8100.24137931035,3125.48285817394,33.0,60.0,3032.48285817394,4241.85420425839,276.75063154096,734.010465535908,3231.09310718152,2657.96643810899,936.368098159509,1130.06820642367,591.530133525803,4159.42295200289,3105.00108264165,751.241429086972,303.180440274269,28595.7717948718,1332.48173076923,28581.3054487179,1633.40512820513,736.433012820513,26947.9003205128,854.620833333333,1.0,0.811858974358974,38.0,0.0,0,0.675641025641026,469.0,269.296794871795,121,220,36538,24,372
40,45,Avalon Park,11147,10148,9492,4165,9024.43655227454,276.278531524342,1893.59616919393,1156.4213886672,1789.25059856345,1766.04948124501,1018.43735035914,770.403032721468,354.0,44.5916107961102,1.0,501.386272944932,7977.05027932961,7.0,538.0,9024.96535546734,7575.67467948718,4842.26730769231,4192.49038461538,649.776923076923,2733.40737179487,4099.99711538461,384.9375,3715.05961538461,2154.40192307692,297.42532051282,887.349358974359,146.199038461538,229.683974358974,131303.365384615,856.001443522194,2094.32443161314,714.05918440996,284.383255142548,6485.92258579409,501.538707102953,1801.97924980048,1489.42617717478,485.0,1356.46767757382,851.510774142059,820.973180076628,904.091954022988,559.486590038314,372.04214559387,653.35632183908,632.222222222222,57862.600560814,35760.7924301305,3942.1724137931,2620.94501718213,1323.78694158076,770.873563218391,4716.34020618557,2921.35051546392,160.0,143.659793814433,827.0,320.945017182131,16.0,304.384879725086,23.0,6.29811541148202,100.907216494845,451.659793814433,111.384879725086,2177.08934707904,1875.29896907216,1948.59280118879,728.384879725086,1546.9175257732,1137.01374570447,875.340206185567,428.683848797251,338.888888888889,97.551724137931,0.0,227327.502305092,93.0,448.704980842912,522.360153256705,240.777777777778,0,1067.94178500893,3491.1724137931,538.471264367816,451.0,3370.1724137931,3314.1724137931,572.0,899.324679487179,632.983974358974,1532.30865384615,155.373397435897,339.801282051282,399.430769230769,855.78782051282,430.621474358974,7278.81346153846,585.109294871795,30.8310897435897,611.686858974359,299.523397435897,590.267307692308,789.014102564102,67.9073717948718,9037.74647435897,3378,2968,9396.007633,800.108751451138,303.608459558539,0.379458991053268,28.8196308481866,0.0360196420748019,2.72079648851904,0.00340053334447899,44.6141496822745,0.055760107112138,41.8684618680994,0.0523284638396513,10.2088606473712,0.0127593413131098,313.565359815354,0.391903424686517,0.0,0.0,31.4377189299385,0.0392918073610878,23.2653136128553,0.0290776892149468,1627.75862068966,988.827586206897,684.026819923372,641.55938697318,2314.41379310345,590.980842911877,1627.75862068966,577.517141826056,40.0,0.0,537.517141826056,1019.14579574161,148.24936845904,272.989534464092,597.906892818477,563.033561891014,94.6319018404908,249.931793576326,218.469866474197,1660.57704799711,1282.99891735835,334.758570913028,42.8195597257308,8323.22820512821,714.518269230769,8757.69455128205,1099.59487179487,296.566987179487,7658.09967948718,523.379166666667,0.0,155.188141025641,0.0,0.0,0,123.324358974359,35.0,262.703205128205,96,85,10816,19,131
41,46,South Chicago,38596,31198,27300,11017,27551.0,1507.0,5897.0,4923.0,4938.0,5069.0,2937.0,1483.0,797.0,39.933583106267,1281.0,6496.0,18991.0,88.0,695.0,27423.0,21367.0,12099.0,10336.0,1763.0,9268.0,10019.0,1359.0,8660.0,5607.0,1144.0,1338.0,385.0,186.0,311415.0,3623.0,4249.0,2597.0,689.0,18632.0,3427.0,4946.0,4807.0,1782.0,2027.0,1643.0,4083.0,2154.0,1535.0,1152.0,1234.0,1000.0,40515.0214592275,25784.7495916664,11158.0,4910.0,6248.0,2709.0,13867.0,4102.0,270.0,3242.0,2806.0,1723.0,560.0,1145.0,19.0,5.69363667464933,90.0,555.0,1058.0,4307.0,7857.0,1934.123074965,2887.0,4445.0,4761.0,1004.0,770.0,1621.0,167.0,111.0,193587.662337662,1186.0,2090.0,2041.0,511.0,146,966.079812206573,9888.0,2372.0,1270.0,9803.0,9361.0,1355.0,2211.0,2585.0,4796.0,1042.0,1001.0,1557.0,2784.0,1068.0,20831.0,2207.0,133.0,2125.0,1208.0,1330.0,3175.0,266.0,27546.0,8418,2354,10213.43675,2140.28029939683,362.640957543899,0.169436198448445,265.487934376597,0.124043535069409,22.8556007428044,0.0106787885443068,62.3635629123753,0.0291380352984375,74.1482880416949,0.0346441949975389,33.9778523866402,0.0158754217362164,634.302583917304,0.296364258502058,0.0,0.0,127.314380263933,0.0594849096633803,557.189139211584,0.260334657740208,4595.0,2811.0,1338.0,2414.0,5924.0,1538.0,5234.0,2669.0,57.0,215.0,2397.0,2913.0,434.0,725.0,1754.0,1508.0,675.0,345.0,488.0,3368.0,2528.0,737.0,103.0,24163.0,3388.0,26044.0,5860.0,2344.0,20184.0,4849.0,151.0,0.0,16.0,0.0,0,27.0,328.0,489.0,1135,10565,26253,49,594
42,47,Burnside,3294,2916,2527,1036,2304.0,153.0,420.0,196.0,367.0,411.0,389.0,263.0,105.0,50.4419889502762,0.0,111.0,2116.0,0.0,77.0,2304.0,1778.0,845.0,686.0,159.0,933.0,644.0,205.0,439.0,296.0,0.0,54.0,0.0,89.0,0.0,353.0,349.0,321.0,12.0,1717.0,229.0,386.0,550.0,147.0,188.0,217.0,240.0,345.0,203.0,32.0,52.0,163.0,46691.1764705882,30131.515625,1035.0,550.0,485.0,107.0,1142.0,693.0,52.0,102.0,72.0,7.0,0.0,216.0,0.0,5.74175824175824,28.0,310.0,80.0,292.0,432.0,1957.16216216216,283.0,196.0,378.0,244.0,41.0,200.0,90.0,0.0,227403.846153846,154.0,188.0,67.0,34.0,0,677.97619047619,883.0,78.0,152.0,872.0,872.0,163.0,248.0,319.0,567.0,182.0,156.0,229.0,305.0,47.0,1765.0,335.0,0.0,273.0,36.0,258.0,143.0,10.0,2304.0,839,1955,11531.65186,390.174088329765,66.0139350547096,0.169190976615844,13.3554320834835,0.0342294183108228,1.41107369955265,0.00361652334626602,13.9177647640734,0.0356706536398963,7.4862324896482,0.0191869032659109,119.81368432396,0.307077501832198,128.227698663121,0.328642271484585,0.0,0.0,7.01995151968591,0.0179918444859742,32.9283157315313,0.0843939070185028,493.0,220.0,67.0,255.0,482.0,33.0,553.0,208.0,0.0,71.0,137.0,353.0,137.0,85.0,131.0,203.0,151.0,23.0,29.0,229.0,130.0,99.0,0.0,2218.0,86.0,2151.0,142.0,0.0,2009.0,40.0,0.0,0.0,0.0,0.0,0,0.0,64.0,38.0,40,34,3180,7,33
43,48,Calumet Heights,15974,13812,13088,5518,11229.0,482.0,1665.0,1657.0,1528.0,2297.0,2162.0,939.0,499.0,51.9036388140162,30.0,628.0,10365.0,32.0,174.0,11222.0,9336.0,4811.0,4266.0,545.0,4525.0,4172.0,1267.0,2905.0,2173.0,83.0,539.0,35.0,75.0,112435.0,977.0,2980.0,1293.0,332.0,8723.0,506.0,1534.0,2355.0,885.0,1994.0,1449.0,1224.0,916.0,980.0,887.0,856.0,719.0,65978.0621572212,40399.1065989848,5582.0,3972.0,1610.0,407.0,5989.0,4197.0,120.0,417.0,751.0,179.0,118.0,207.0,0.0,6.41934523809524,180.0,119.0,369.0,3562.0,1759.0,1952.6808619805,432.0,1688.0,2977.0,646.0,246.0,805.0,55.0,0.0,215039.727582293,105.0,391.0,592.0,344.0,29,1177.65151515152,5305.0,726.0,277.0,5066.0,4962.0,516.0,1281.0,1205.0,2486.0,292.0,436.0,687.0,1627.0,520.0,9229.0,1053.0,119.0,923.0,572.0,872.0,580.0,54.0,11229.0,4923,1793,10219.13803,1120.89627477746,434.726419946578,0.387838223508135,52.2019056197898,0.0465715756171584,3.94208545654567,0.00351690477098633,39.1004862360977,0.0348832332803144,29.4669427604445,0.0262887328859173,14.5046266797013,0.0129402041973785,462.498806165978,0.412615169282992,0.0,0.0,21.4795768023301,0.0191628585852821,62.9754251099988,0.0561830978718361,2612.0,1871.0,675.0,424.0,2714.0,579.0,2868.0,861.0,17.0,7.0,837.0,1083.0,116.0,179.0,788.0,980.0,352.0,442.0,186.0,2413.0,1813.0,483.0,117.0,10598.0,631.0,10747.0,1006.0,207.0,9741.0,550.0,0.0,0.0,0.0,0.0,0,0.0,210.0,246.0,206,747,14817,33,171
44,49,Roseland,52723,44619,38816,15080,36635.0,1994.0,6588.0,7848.0,5937.0,7294.0,3614.0,2179.0,1181.0,40.2468220338983,720.0,1154.0,33635.0,173.0,953.0,36052.0,30004.0,16670.0,13766.0,2904.0,13334.0,13477.0,1336.0,12141.0,7977.0,1276.0,2209.0,234.0,445.0,467470.0,3164.0,6409.0,2929.0,1496.0,25420.0,3063.0,7257.0,7257.0,1939.0,3615.0,2289.0,3737.0,3383.0,2016.0,1670.0,1982.0,1210.0,48744.8132780083,26997.467121605,13998.0,7635.0,6363.0,3094.0,17092.0,9925.0,1374.0,2663.0,1145.0,935.0,274.0,738.0,38.0,6.30791717417783,301.0,735.0,1239.0,9174.0,5643.0,1949.4467946632,1841.0,5289.0,6448.0,2606.0,908.0,2571.0,56.0,29.0,176214.028776978,486.0,1441.0,2388.0,1582.0,181,1225.64935064935,12583.0,2262.0,1415.0,12286.0,11803.0,1712.0,3340.0,3495.0,6835.0,1240.0,1182.0,2749.0,3752.0,1626.0,28578.0,2953.0,350.0,3314.0,1344.0,1827.0,3581.0,528.0,36365.0,13281,1767,11281.83451,3083.41842574869,1116.48362659139,0.362092804942713,176.079369888698,0.057105246702268,14.5738251215619,0.00472651554516905,66.6417614750569,0.0216129477979867,323.816005981356,0.105018509092787,8.82948436684219,0.00286353752481657,1127.31379709934,0.365605195741676,0.0,0.0,70.2551710480825,0.022784832075142,179.425384176367,0.0581904105774423,4989.0,4019.0,2169.0,2821.0,8678.0,1976.0,5320.0,2402.0,15.0,160.0,2227.0,4137.0,485.0,646.0,3006.0,1984.0,577.0,719.0,688.0,4769.0,3670.0,937.0,162.0,35522.0,1113.0,34641.0,1311.0,606.0,33330.0,637.0,266.0,74.0,42.0,0.0,48,1.0,79.0,164.0,276,363,51568,31,485
45,5,North Center,31895,31867,35114,14931,36014.0,3270.0,6294.0,8106.0,9715.0,5673.0,1936.0,620.0,400.0,35.4406380753138,26413.0,4267.0,846.0,2239.0,2249.0,35934.0,27319.0,22125.0,21281.0,844.0,5194.0,21038.0,8050.0,12988.0,7391.0,958.0,3179.0,1264.0,196.0,447085.0,1786.0,7812.0,4622.0,648.0,25285.0,678.0,1327.0,2035.0,894.0,11591.0,8760.0,1210.0,788.0,1296.0,1334.0,3043.0,7197.0,145659.340659341,89450.9269450769,14868.0,8455.0,6413.0,1417.0,16285.0,4390.0,525.0,2828.0,4130.0,1945.0,999.0,1457.0,11.0,5.68435138539043,1800.0,3542.0,852.0,1722.0,8369.0,1938.64679173139,2836.0,5826.0,4239.0,1836.0,1548.0,115.0,3591.0,2682.0,726773.835920177,63.0,411.0,1271.0,3485.0,1039,1830.04750593824,14609.0,306.0,259.0,14503.0,14215.0,365.0,1447.0,776.0,2223.0,600.0,356.0,889.0,803.0,355.0,26627.0,647.0,284.0,1077.0,383.0,479.0,1175.0,108.0,35964.0,17692,9778,9162.616054,1309.78852321743,278.916624505742,0.212947830555575,272.38437549934,0.207960575826578,46.7165630996423,0.0356672564093671,68.7936596075729,0.0525227228580266,77.3063963810567,0.0590220444069532,75.413726055148,0.0575770246252411,437.371314461291,0.333925138836086,0.0,0.0,43.8767106577088,0.0334990801033497,9.00915294992627,0.00687832637882316,4481.0,4862.0,2063.0,3462.0,8385.0,417.0,6483.0,630.0,0.0,11.0,619.0,1074.0,76.0,34.0,964.0,1222.0,124.0,281.0,817.0,11530.0,7130.0,2954.0,1446.0,32469.0,3545.0,32744.0,4619.0,1022.0,28125.0,1833.0,352.0,207.0,83.0,256.0,95,364.0,1381.0,48.0,21938,6496,1333,1324,804
46,50,Pullman,8921,7325,6820,2995,6744.0,214.0,1449.0,1177.0,1423.0,1258.0,559.0,409.0,255.0,40.6796116504854,839.0,521.0,5199.0,97.0,88.0,6744.0,5430.0,3331.0,2883.0,448.0,2099.0,2861.0,390.0,2471.0,1608.0,373.0,448.0,33.0,9.0,94570.0,367.0,1588.0,1028.0,99.0,4645.0,440.0,1115.0,1083.0,338.0,864.0,805.0,707.0,585.0,588.0,298.0,657.0,247.0,62475.3694581281,33535.7670521945,3082.0,1764.0,1318.0,664.0,3746.0,1263.0,1633.0,309.0,344.0,12.0,19.0,166.0,0.0,5.86827033218786,0.0,48.0,458.0,1640.0,1600.0,1947.95918367347,346.0,1498.0,1455.0,321.0,126.0,353.0,7.0,0.0,169056.195965418,94.0,200.0,728.0,200.0,52,1167.48046875,3006.0,373.0,76.0,2853.0,2614.0,229.0,524.0,361.0,885.0,171.0,205.0,256.0,422.0,141.0,5222.0,258.0,44.0,504.0,181.0,156.0,343.0,31.0,6744.0,2878,2868,11477.96253,1354.49048292045,139.702311135966,0.103140120139309,78.0648281319798,0.0576340912810713,1.54766397189649,0.00114261708842688,74.3366952127228,0.0548816666857957,169.710447294537,0.12529467680616,356.837680468309,0.263447905295666,426.250152632329,0.314694091990429,0.0,0.0,5.34851196398647,0.00394872613091707,102.692192108726,0.0758161045822251,1449.0,678.0,443.0,512.0,1580.0,394.0,1502.0,407.0,0.0,0.0,407.0,838.0,78.0,138.0,622.0,571.0,234.0,280.0,57.0,1202.0,963.0,239.0,0.0,6536.0,208.0,6530.0,476.0,152.0,6054.0,348.0,24.0,0.0,0.0,0.0,0,0.0,93.0,11.0,757,795,7262,15,92
47,51,South Deering,16990,15109,14105,5311,12854.0,510.0,2259.0,2214.0,2383.0,2666.0,1806.0,716.0,300.0,44.8605577689243,760.0,3959.0,7990.0,15.0,130.0,12816.0,10745.0,5844.0,4951.0,893.0,4901.0,4882.0,498.0,4384.0,3034.0,329.0,899.0,70.0,52.0,164370.0,1203.0,2335.0,1337.0,455.0,9259.0,1474.0,3210.0,2119.0,976.0,1067.0,413.0,1970.0,1018.0,833.0,381.0,869.0,259.0,39340.0,24276.1177065505,5330.0,2850.0,2480.0,914.0,6244.0,2735.0,1785.0,527.0,628.0,277.0,106.0,186.0,0.0,5.71819137749737,187.0,127.0,449.0,3059.0,2422.0,1944.98930862438,538.0,2398.0,2723.0,454.0,131.0,1637.0,48.0,0.0,137616.822429907,509.0,361.0,977.0,554.0,14,1192.19817767654,5082.0,1120.0,248.0,5048.0,4999.0,282.0,791.0,1142.0,1933.0,224.0,350.0,694.0,1241.0,535.0,10380.0,1069.0,62.0,1000.0,480.0,391.0,1272.0,55.0,12854.0,4896,9870,11606.29491,6974.22083829464,414.648930611823,0.0594545168881138,64.6684320770617,0.00927249560581375,7.54597796878644,0.00108198150642898,61.839522859111,0.008866871911993,37.7546791109848,0.0054134619459823,718.615806701199,0.103038866041546,4500.68547399225,0.645331654724712,0.0,0.0,691.839359433177,0.0991995199857118,476.622655540247,0.0683406313896983,2039.0,1632.0,703.0,956.0,3122.0,691.0,2208.0,1341.0,53.0,162.0,1126.0,1466.0,299.0,232.0,935.0,822.0,325.0,425.0,72.0,1509.0,1318.0,141.0,50.0,10944.0,1910.0,12344.0,3478.0,1543.0,8866.0,2976.0,387.0,0.0,0.0,0.0,0,0.0,1.0,114.0,1287,5176,10335,8,184
48,52,East Side,23653,23005,21763,7010,22612.8767452441,1385.81565103648,5322.91902635994,4594.2347257372,4484.08725509711,3786.97772912105,2079.0876531976,604.448451673444,355.306253021298,35.009394711267,3037.2396394347,18856.0352119885,535.0,20.6018938209116,164.0,22644.0761152423,17201.9463613113,10554.0794233899,9419.59037433155,1092.74082771449,6647.86693792141,9227.12666821669,660.673517786561,8566.45315043013,6342.43487561032,1267.28332945827,593.391560102302,256.863752615671,106.479632643571,324644.594977912,842.453640405538,2665.02962028959,2385.05289947149,1445.50129139097,14155.9569738675,3351.6604060625,5313.7345096255,2431.29720192226,873.687815281372,1369.09363607928,816.483404896636,1354.50347478475,1523.30608856089,1394.75793357934,932.008148831488,1227.11728167282,906.886592865929,61942.4586554728,26714.561666897,7338.5795202952,4751.98877187886,2586.87362916697,594.690036900369,7933.56346866149,5092.6245043213,201.335783281284,1628.42894908853,672.786476868327,161.70612244898,134.681632653061,17.0,25.0,6.20365389553308,67.0,267.696274239233,494.604662647977,3657.46784806449,3446.79468370978,1944.56343745738,427.211475052655,2355.16043285642,3528.25741883942,1110.39718207568,512.536959837316,1552.5832103321,71.805012300123,24.0,174588.083271659,35.0,923.234778597786,833.902982779828,459.70479704797,35,1091.9176050336,6984.00018450185,1000.57438499385,354.579335793358,6777.46755842558,6704.74326568266,561.111961869619,1336.22748198093,1008.19453615438,2344.42201813532,465.92334340851,699.960451057893,584.711136944897,1203.1429202511,334.387607533132,16354.3306672867,852.125110439433,304.399488491049,1120.42211113694,448.366914671007,471.233503836317,3125.7003255057,269.082166937921,22564.0305975355,7834,1562,14563.81403,1908.13354191343,462.856170920221,0.242570114068683,82.73604053286,0.0433596699159191,11.3187256952805,0.00593183099959047,59.509356730631,0.0311872075111453,91.7859905068517,0.0481024983266165,110.136259447551,0.0577193666105302,814.253078718625,0.426727511902606,0.0,0.0,181.85645083278,0.0953059347462749,93.6814685286316,0.0490958659186348,1461.75012300123,2012.03065805658,1303.7364698647,2561.06226937269,5594.21343788438,1239.39504920049,1744.36608241082,727.526348521912,0.0,38.9709187045605,688.555429817352,1788.66334571475,362.838516375911,392.621513915073,1033.20331542377,1374.58331361899,499.317165134639,614.488223831346,260.777924653007,2974.71948646783,2699.02759113513,251.72097662814,23.9709187045605,17179.3582887701,5426.42053010928,21220.7311322948,13767.1513368984,4818.33373634039,7453.57979539642,13418.8066728668,282.050662636596,12.9235294117647,0.0,0.0,0,8.84505928853755,44.5254126947222,0.0,6951,16113,242,57,290
49,53,West Pullman,36649,29651,26104,9650,24549.0,1342.0,4343.0,5270.0,4153.0,4753.0,2430.0,1830.0,428.0,40.939554881133,206.0,2109.0,21739.0,60.0,435.0,24531.0,20040.0,11249.0,9022.0,2227.0,8791.0,8880.0,649.0,8231.0,5612.0,801.0,1120.0,292.0,406.0,299910.0,2172.0,3559.0,1977.0,1363.0,16918.0,2220.0,5605.0,4837.0,1217.0,1859.0,1180.0,2701.0,1539.0,1449.0,1185.0,1420.0,777.0,54430.2848575712,25287.7813352886,9071.0,5454.0,3617.0,2153.0,11224.0,7844.0,423.0,1341.0,692.0,100.0,86.0,647.0,91.0,6.29611650485437,526.0,476.0,831.0,5829.0,3562.0,1953.4286971831,1160.0,2706.0,5121.0,1678.0,559.0,2386.0,12.0,2.0,159798.850574713,247.0,878.0,906.0,1236.0,110,1228.69318181818,8296.0,1097.0,775.0,8015.0,7793.0,1056.0,1921.0,2599.0,4520.0,635.0,938.0,1512.0,2762.0,1007.0,19250.0,2062.0,575.0,2081.0,750.0,1114.0,2263.0,411.0,24549.0,8896,1065,12700.41907,2281.11106396672,841.502284941146,0.368900181246687,114.118376696316,0.0500275407449345,10.8047783660475,0.00473662967872271,43.5215661491666,0.0190791087889798,85.5642914334392,0.0375099190850654,63.8151608893996,0.0279754729602813,797.307451058559,0.349525923420882,0.212535812058405,9.317205786938e-05,101.319072490962,0.044416545117612,222.945546129628,0.0977355068989662,2847.0,2708.0,1343.0,2173.0,5823.0,1567.0,3248.0,1623.0,101.0,22.0,1500.0,2094.0,170.0,352.0,1572.0,1428.0,588.0,412.0,428.0,3363.0,2314.0,869.0,180.0,23513.0,1036.0,23207.0,1996.0,739.0,21211.0,1769.0,3.0,0.0,10.0,0.0,13,0.0,66.0,135.0,328,1699,34277,16,329
50,54,Riverdale,9809,6482,8311,2912,7518.0,439.0,2908.0,1724.0,1118.0,919.0,239.0,85.0,86.0,24.3745928338762,35.0,92.0,7128.0,0.0,263.0,7510.0,4726.0,2593.0,1809.0,784.0,2133.0,1721.0,112.0,1609.0,1070.0,126.0,379.0,22.0,12.0,62885.0,936.0,1676.0,203.0,30.0,3695.0,581.0,1315.0,1348.0,280.0,63.0,108.0,1654.0,688.0,220.0,94.0,131.0,58.0,17638.8888888889,15115.4208566108,2845.0,297.0,2548.0,243.0,3088.0,464.0,1324.0,100.0,178.0,737.0,194.0,91.0,0.0,4.93868921775899,74.0,95.0,435.0,2001.0,483.0,1948.11782708493,671.0,983.0,1168.0,266.0,0.0,215.0,0.0,0.0,99537.037037037,879.0,722.0,655.0,104.0,45,641.556291390728,2647.0,664.0,198.0,2531.0,2427.0,314.0,411.0,424.0,835.0,160.0,124.0,293.0,473.0,190.0,4365.0,285.0,113.0,496.0,122.0,104.0,544.0,63.0,7518.0,2169,845,9092.63554,2258.71204678441,86.5557743958465,0.0383208539216279,180.471885711194,0.0799003511616812,0.834437622474029,0.00036943072210641,37.6680311904742,0.016676774378611,58.6267647883498,0.0259558383601013,220.430877167704,0.0975914028003338,1144.19357056762,0.506569029990581,3.61148117514787,0.00159891172506443,269.203733252568,0.119184618347353,257.115490913034,0.11383278859254,879.0,822.0,437.0,707.0,1920.0,1339.0,925.0,1032.0,74.0,173.0,785.0,825.0,244.0,193.0,388.0,220.0,118.0,87.0,15.0,268.0,233.0,35.0,0.0,7459.0,59.0,7079.0,99.0,31.0,6980.0,99.0,0.0,0.0,0.0,0.0,0,0.0,0.0,0.0,66,160,9479,7,97
51,55,Hegewisch,9781,9463,13908,4964,8927.12325475588,267.184348963517,2167.08097364006,1543.7652742628,1493.91274490289,1881.02227087895,1016.9123468024,304.551548326556,252.693746978702,39.407789915553,3184.7603605653,4712.96478801149,860.0,113.398106179088,56.0,8879.92388475769,7075.05363868868,4007.92057661009,3641.40962566845,366.259172285515,3067.13306207859,3557.87333178331,327.326482213439,3230.54684956987,2355.56512438968,289.716670541734,383.608439897698,24.1362473843292,177.520367356429,121990.405022088,346.546359594462,1607.97037971041,1291.94710052851,409.498708609029,6128.04302613245,813.339593937498,2228.2654903745,1570.70279807774,367.312184718628,768.906363920721,379.516595103364,972.496525215252,405.693911439114,679.242066420664,459.991851168512,417.882718327183,720.113407134071,65810.5654143689,33804.2946323683,3655.4204797048,2454.01122812114,1201.12637083303,631.309963099631,4286.43653133851,2983.3754956787,10.664216718716,246.571050911468,500.213523131673,41.2938775510204,36.3183673469388,135.0,333.0,5.94022895196787,94.0,363.303725760767,393.395337352023,2286.53215193551,1149.20531629022,1954.8042032737,576.788524947345,737.839567143583,2155.74258116058,670.602817924323,145.463040162684,362.416789667897,0.194987699876999,49.0,193677.57769179,13.0,380.765221402214,176.097017220172,429.29520295203,0,1239.77739592392,3530.99981549815,383.42561500615,124.420664206642,3399.53244157442,3353.25673431734,255.888038130381,419.772518019065,534.805463845617,954.577981864683,159.07665659149,88.0395489421065,366.288863055103,498.857079748896,210.612392466868,6663.66933271332,548.874889560567,110.600511508951,374.577888863055,187.633085328993,281.766496163683,634.299674494304,24.9178330620786,8932.96940246454,4059,1416,14006.56418,3350.91230197759,373.023524749478,0.111319990239474,34.1864194150399,0.0102021229844972,7.04592788364273,0.00210268943161672,48.0308422271261,0.0143336613729879,17.4174576526935,0.0051978255719836,411.027348310609,0.122661326608887,1535.7034261361,0.458294126417389,0.0,0.0,617.985600747946,0.184423089909943,306.491754854951,0.0914651674632221,1541.24987699877,814.969341943419,470.263530135301,828.937730627306,1973.78656211562,391.604950799508,1681.63391758918,529.473651478088,8.0,0.0290812954395241,521.444570182648,533.336654285247,125.161483624089,83.3784860849269,324.796684576231,679.416686381008,349.682834865361,111.511776168654,218.222075346993,1598.28051353217,1296.97240886487,279.27902337186,22.0290812954395,7615.64171122995,1318.57946989072,8666.26886770518,2811.8486631016,967.666263659614,5854.42020460358,2341.19332713322,48.9493373634039,34.0764705882353,0.0,237.0,0,0.154940711462451,150.474587305278,0.0,6553,2820,130,32,246
52,56,Garfield Ridge,36101,34513,35444,12237,36732.0,1711.0,7670.0,6128.0,7657.0,7418.0,3490.0,1753.0,905.0,40.488573680063,12054.0,21701.0,1357.0,699.0,921.0,36463.0,29444.0,18373.0,17695.0,678.0,11071.0,17203.0,2255.0,14948.0,11256.0,1986.0,1234.0,371.0,101.0,518795.0,1023.0,4172.0,5056.0,2406.0,25588.0,4455.0,7513.0,5186.0,1975.0,3788.0,2671.0,1582.0,2110.0,1736.0,1061.0,3091.0,3077.0,96218.1903864279,40409.5961831645,12657.0,10548.0,2109.0,451.0,13108.0,10700.0,414.0,470.0,584.0,411.0,202.0,292.0,35.0,6.14674256799494,82.0,768.0,1636.0,9100.0,1522.0,1956.9689119171,884.0,2698.0,6528.0,2134.0,864.0,566.0,420.0,84.0,293427.065026362,16.0,344.0,904.0,641.0,8,1237.83891547049,11557.0,1572.0,1100.0,11428.0,11224.0,1229.0,2243.0,1684.0,3927.0,1002.0,718.0,1100.0,1880.0,883.0,27934.0,1513.0,234.0,2096.0,665.0,932.0,3034.0,162.0,36478.0,15953,14732,14130.63794,2706.40029003635,1032.78731575914,0.381609224460019,61.3393711961372,0.0226645597925624,14.4592991025382,0.0053426313748821,101.787783405787,0.0376100253094562,55.0130610686683,0.0203270230465167,115.072410511708,0.0425186218518187,1207.78728101281,0.446270747701032,0.0,0.0,44.1872821043185,0.0163269573488425,73.966485875237,0.0273302091148695,3191.0,3466.0,1694.0,4306.0,8973.0,736.0,3684.0,991.0,16.0,32.0,943.0,2548.0,625.0,648.0,1275.0,1652.0,564.0,413.0,675.0,7117.0,5373.0,1444.0,300.0,27524.0,9208.0,35021.0,19341.0,7137.0,15680.0,15544.0,2591.0,187.0,97.0,270.0,207,32.0,283.0,130.0,24878,5948,4419,328,528
53,57,Archer Heights,12644,13363,14196,4163,13414.0,263.0,2915.0,2707.0,2865.0,2574.0,1225.0,591.0,274.0,39.2414860681115,1727.0,10659.0,211.0,787.0,30.0,13401.0,11223.0,7021.0,6211.0,810.0,4202.0,5919.0,330.0,5589.0,3140.0,1154.0,862.0,351.0,82.0,187185.0,1167.0,1269.0,1320.0,751.0,9246.0,2933.0,3448.0,1182.0,425.0,748.0,510.0,824.0,1018.0,608.0,605.0,843.0,609.0,67012.1951219512,27740.6826449978,4507.0,2901.0,1606.0,288.0,4795.0,2328.0,81.0,1272.0,993.0,54.0,67.0,0.0,0.0,5.35181550539745,23.0,310.0,295.0,2390.0,1777.0,1951.1023890785,574.0,1621.0,1588.0,420.0,592.0,319.0,115.0,19.0,280513.100436681,0.0,807.0,600.0,185.0,0,996.12676056338,3820.0,655.0,687.0,3711.0,3545.0,796.0,634.0,482.0,1116.0,282.0,335.0,275.0,461.0,365.0,10648.0,487.0,75.0,575.0,94.0,372.0,2256.0,163.0,13414.0,4925,8938,11494.51836,1283.80419692019,167.050477249867,0.130121460617293,69.9485921726972,0.0544854054383853,9.80447952224093,0.00763705208766382,72.9658403306928,0.0568356455803274,37.9630408997853,0.0295707406089321,339.035288212849,0.264086446380363,555.177129479558,0.432446887781962,0.0,0.0,15.0051454686899,0.0116880327270208,16.8542035838124,0.0131283287780529,1319.0,1011.0,565.0,1612.0,3068.0,285.0,1439.0,406.0,0.0,0.0,406.0,1403.0,120.0,228.0,1055.0,601.0,128.0,307.0,166.0,2057.0,1516.0,413.0,128.0,7091.0,6323.0,13151.0,10753.0,5408.0,2398.0,9324.0,777.0,594.0,0.0,0.0,0,12.0,36.0,10.0,6752,5485,74,48,285
54,58,Brighton Park,44912,45368,45053,13592,42994.0,2224.0,9165.0,10808.0,7478.0,8971.0,2762.0,1277.0,309.0,34.1021036428938,2772.0,33872.0,933.0,5090.0,327.0,42982.0,34023.0,21999.0,20282.0,1698.0,12024.0,19323.0,1699.0,17624.0,11224.0,3038.0,2398.0,699.0,265.0,552495.0,1582.0,5576.0,4133.0,2273.0,28159.0,8692.0,9229.0,3857.0,1831.0,3251.0,1299.0,1847.0,3312.0,2532.0,2045.0,1920.0,1908.0,66070.7269155206,26469.6600688468,13564.0,7645.0,5919.0,933.0,14497.0,4225.0,321.0,6404.0,2770.0,473.0,114.0,128.0,62.0,5.57046518029177,253.0,747.0,1647.0,3883.0,7967.0,1935.49077444458,1626.0,6097.0,4185.0,1652.0,937.0,1017.0,335.0,0.0,248048.094940662,84.0,1704.0,3284.0,700.0,0,1136.83948155533,12742.0,1721.0,822.0,12220.0,11703.0,1344.0,2893.0,1998.0,4891.0,1277.0,1164.0,1163.0,2248.0,653.0,33082.0,1666.0,386.0,2524.0,1139.0,842.0,7214.0,463.0,42975.0,12998,5935,12080.60914,1742.25883197192,250.646037231534,0.143862687123157,303.341934221588,0.174108421007836,27.0955550944471,0.0155519688563035,100.292443502025,0.0575646061661872,51.2163666354837,0.0293965315001537,261.154917623621,0.149894443254474,698.669979257501,0.401013882918149,0.0,0.0,25.238437995269,0.0144860439402702,24.6031604104544,0.0141214152334691,2522.0,3250.0,2420.0,5372.0,10467.0,1311.0,3097.0,1160.0,0.0,0.0,1160.0,3769.0,321.0,897.0,2551.0,2501.0,1166.0,728.0,607.0,5799.0,4594.0,1012.0,193.0,24294.0,18700.0,40770.0,33230.0,16539.0,7540.0,28194.0,45.0,4048.0,96.0,247.0,15,350.0,123.0,112.0,8300,34409,221,1288,694
55,59,McKinley Park,15962,15612,15923,5538,14854.0,587.0,2545.0,2946.0,3026.0,3390.0,1548.0,568.0,244.0,42.1042830540037,2008.0,8461.0,482.0,3534.0,369.0,14815.0,12646.0,8269.0,7589.0,680.0,4377.0,7557.0,1047.0,6510.0,4114.0,943.0,1198.0,203.0,52.0,203265.0,775.0,2404.0,1950.0,557.0,11102.0,2367.0,2601.0,1784.0,755.0,1998.0,1597.0,914.0,983.0,872.0,373.0,1080.0,1464.0,79959.7855227882,38236.9645213411,5686.0,3989.0,1697.0,563.0,6249.0,2329.0,386.0,1998.0,1073.0,359.0,28.0,63.0,13.0,5.85236686390533,352.0,645.0,386.0,944.0,3922.0,1929.83299337073,519.0,2245.0,2311.0,489.0,685.0,210.0,337.0,0.0,303495.575221239,0.0,412.0,754.0,520.0,0,1224.94780793319,5372.0,400.0,314.0,5153.0,5026.0,533.0,837.0,852.0,1689.0,435.0,482.0,474.0,798.0,203.0,12083.0,463.0,78.0,865.0,353.0,393.0,1701.0,83.0,14854.0,5908,6216,11756.94532,905.229585599981,130.743426259636,0.144431234174677,105.817815437198,0.116896108037678,12.1234759927292,0.0133927085300618,61.5525749553253,0.0679966451986085,22.4048519116687,0.0247504636040136,160.713593064908,0.177539041610519,321.070822212788,0.35468441080611,0.0,0.0,73.7312248461322,0.0814503038997158,17.0718009195951,0.0188590841386166,1506.0,1471.0,1205.0,1504.0,3667.0,332.0,2019.0,585.0,6.0,0.0,579.0,1186.0,245.0,98.0,843.0,872.0,412.0,207.0,253.0,2906.0,2388.0,338.0,180.0,9202.0,5652.0,14267.0,9807.0,4099.0,4460.0,6831.0,73.0,2660.0,32.0,0.0,0,53.0,102.0,56.0,4607,9819,116,1212,208
56,6,Lake View,94817,94368,103050,57721,102827.0,5008.0,7155.0,47664.0,20679.0,12025.0,5663.0,3540.0,1093.0,32.1996072427107,74953.0,10539.0,4603.0,7480.0,5252.0,102454.0,92188.0,76110.0,73545.0,2553.0,16078.0,72475.0,27025.0,45450.0,16468.0,1967.0,21243.0,4789.0,983.0,1545960.0,23035.0,27097.0,7105.0,1137.0,78927.0,1397.0,3991.0,5482.0,2343.0,37476.0,28238.0,6779.0,5083.0,7999.0,8041.0,10100.0,20372.0,105498.972954468,90815.4150077314,58374.0,21896.0,36478.0,3730.0,62104.0,4184.0,1686.0,3086.0,8984.0,8923.0,4025.0,31183.0,33.0,4.29179555162763,4321.0,8712.0,11530.0,16013.0,21528.0,1962.29609402826,28785.0,19521.0,9206.0,3123.0,1469.0,685.0,7222.0,3273.0,485339.805825243,1299.0,1169.0,8069.0,17868.0,7580,1842.59259259259,57693.0,1667.0,681.0,57102.0,54400.0,1272.0,5430.0,2821.0,8251.0,1507.0,1081.0,3890.0,3328.0,1004.0,91149.0,2404.0,231.0,4507.0,1520.0,1993.0,3644.0,462.0,102700.0,56367,25220,5324.157101,1990.36561177612,242.787784850371,0.121981500993537,626.568108072271,0.314800509195467,91.9786022169818,0.0462119128630361,124.941078313811,0.062772928538651,95.115660959813,0.0477880347193778,9.16138613673554,0.00460286596720303,730.506895021082,0.367021461132061,0.0,0.0,59.247508111352,0.0297671481866499,10.0585880937056,0.00505363840401648,29860.0,19204.0,5180.0,4130.0,16999.0,950.0,41375.0,4797.0,33.0,387.0,4377.0,6058.0,138.0,626.0,5294.0,7947.0,544.0,3081.0,4322.0,38349.0,20487.0,12446.0,5416.0,89800.0,13027.0,97819.0,15960.0,3124.0,81859.0,5955.0,1834.0,1510.0,632.0,394.0,391,963.0,3623.0,658.0,75363,8268,4193,5143,1850
57,60,Bridgeport,33694,31925,37080,14476,33638.4836065574,1523.67213114754,4869.33606557377,8888.47540983606,6868.17213114754,6241.65573770492,3588.40983606557,1060.76229508197,598.0,37.9147828437724,10797.0327868852,8152.43442622951,950.0,12694.0163934426,1045.0,33612.599459946,28614.3258913695,19571.6771076308,18431.0763078974,1133.60079973342,9042.64878373875,18100.1962679107,2898.90069976674,15201.295568144,8401.928023992,2365.71609463512,2999.69076974342,998.530489836721,435.430189936688,466933.66377874,2860.82448244824,6403.39873987399,3966.09900990099,879.919891989199,24871.1885245902,4230.91803278689,6211.13934426229,3481.14754098361,1071.09016393443,5921.15573770492,3955.73770491803,2595.90870185449,1823.50213980029,2684.78601997147,1784.98858773181,2108.83880171184,3114.09985734665,74609.5067002328,42195.8687685723,14112.1241084165,7106.44031830239,7006.51856763926,922.196861626248,15035.3527851459,4387.90716180371,885.697612732096,3876.79708222812,3471.95092838196,1279.0,364.0,743.0,27.0,5.56530487282218,1004.88063660477,2376.75198938992,1725.33421750663,2231.64721485411,7696.73872679045,1938.83676489112,1965.22413793103,5065.1949602122,5968.92838196286,1509.76127320955,526.244031830239,495.0,2547.87589158345,36.679029957204,426633.717618806,134.0,935.0,2999.05848787446,2514.5820256776,99,1361.04899702252,13449.1241084165,996.908701854494,663.0,13447.1241084165,13222.1241084165,665.0,1988.24558480506,1812.21559480173,3800.4611796068,1003.2755748084,959.820059980007,1721.35521492836,1734.53048983672,656.0,27798.7457514162,1608.97100966345,302.910029990003,1807.37020993002,715.0,975.180939686771,2218.69076974342,266.0,33628.6831056315,14000,4879,10256.31142,1338.1891278691,273.46623031232,0.204355441706347,218.124911444278,0.163000062473692,30.0644824536716,0.0224665421557756,59.698535278863,0.0446114334929067,34.2758444589688,0.0256136025507463,149.485492921215,0.111707298922128,490.561284429565,0.366585913913921,0.0,0.0,47.6582835040185,0.0356140118847839,34.8540630661957,0.0260456928996999,4682.37375178317,3865.8059914408,3193.36233951498,2370.5820256776,7941.59058487874,840.828815977176,6170.5335235378,1506.41944194419,13.0,54.0,1439.41944194419,2410.06930693069,106.932493249325,311.0,1992.13681368137,2659.79837983798,517.59495949595,1265.54095409541,876.662466246625,6972.29162916292,5225.03240324032,1153.73177317732,593.527452745275,22682.8130623126,10952.8700433189,32112.0626457847,16382.7070976341,9198.55414861713,15729.3555481506,4532.56147950683,309.470509830057,10113.1746084638,56.0,157.625124958347,87,290.535154948351,792.340219926691,44.0,13819,10165,354,8808,548
58,61,New City,51721,44311,43713,13838,40065.421686747,2298.69879518072,9890.0,7767.22891566265,9286.32530120482,6501.03614457831,2771.36144578313,1255.77108433735,295.0,35.1539067141291,3577.6265060241,27029.5060240964,7919.21686746988,1284.07228915663,255.0,39782.6833114323,30330.296819788,19399.8044758539,16962.1272084806,2437.67726737338,10930.492343934,16280.0106007067,2030.19081272085,14249.8197879859,9043.87161366313,2301.83510011779,2020.45583038869,495.318021201413,388.339222614841,474213.097762073,2665.5814717477,6489.30683311432,3291.16491458607,1378.32260183968,25331.1927710843,7065.63855421687,8538.73493975904,4178.0843373494,1957.32530120482,2441.84337349398,1149.56626506024,3793.6532769556,2595.98731501057,2498.0,1768.20718816068,1831.49471458774,1338.55602536998,55496.9397907154,23861.400852822,13825.8985200846,5434.0,8393.79775280899,2061.77589852008,15889.8277153558,4295.02247191011,294.25468164794,5505.29962546816,3405.10112359551,1028.97752808989,99.1722846441948,941.0,321.0,5.48079926235509,336.003745318352,1878.29213483146,1247.31835205993,3001.17228464419,9427.04119850187,1932.13895797411,1807.78277153558,6269.64419475655,5707.05992509363,1598.92509363296,506.415730337079,1633.0,300.353065539112,92.0,228026.411306429,287.881606765328,3013.51162790698,3684.99154334038,990.625792811839,73,1065.44991540255,12781.8985200846,1906.29598308668,1044.0,12460.8985200846,11797.4312896406,1365.0,2344.25559481743,1946.1554770318,4290.41107184923,708.836277974087,850.419316843345,1736.19670200236,2049.73498233216,603.657243816254,28776.839811543,1720.1554770318,252.0,2347.09422850412,1000.73851590106,690.578327444052,7055.55241460542,347.0,39861.4405182568,12519,12260,10952.49191,3090.85149547078,247.701982168046,0.080140369904869,318.020538821881,0.102890915104752,29.9211889511954,0.00968056504657075,162.940805947488,0.0527171254219929,95.9328551746932,0.0310376785540391,723.252672717099,0.233997872035239,1105.01401911404,0.357511197394401,0.0,0.0,87.0132039881367,0.0281518552785996,321.054228588209,0.103872421259536,3903.8245243129,3091.12050739958,2156.72304439746,4674.23044397463,9204.07399577167,2403.3044397463,4621.8245243129,2418.14388961892,0.0,87.0,2331.14388961892,3243.69842312746,392.457950065703,489.457950065703,2361.78252299606,2495.27332457293,890.209592641261,795.0,810.063731931669,4910.85348226018,3757.8961892247,967.433639947438,185.523653088042,28370.8621908127,11684.5783274441,37759.4640753828,23079.816254417,11973.6242638398,14679.6478209658,21538.1766784452,294.254416961131,960.427561837456,49.0,0.0,24,11.8398115429918,150.117785630153,52.0,6789,25948,18252,146,586
59,62,West Elsdon,15921,18139,18394,5258,17901.0,1102.0,3894.0,3559.0,3777.0,2901.0,1466.0,888.0,314.0,36.7815315315315,2370.0,14882.0,238.0,410.0,1.0,17885.0,14151.0,8442.0,7894.0,548.0,5709.0,7734.0,782.0,6952.0,4397.0,939.0,1230.0,218.0,168.0,252035.0,669.0,1775.0,2078.0,1054.0,11488.0,2687.0,3975.0,1857.0,931.0,1252.0,786.0,615.0,1307.0,839.0,754.0,1147.0,914.0,75895.225464191,32470.5061728395,5576.0,3996.0,1580.0,203.0,5779.0,3920.0,166.0,771.0,453.0,387.0,33.0,0.0,49.0,5.98956931359354,39.0,330.0,640.0,4157.0,613.0,1955.84680679062,178.0,2091.0,2240.0,946.0,324.0,343.0,87.0,8.0,254622.741764081,24.0,253.0,995.0,296.0,0,1251.52749490835,4797.0,260.0,779.0,4875.0,4555.0,701.0,960.0,880.0,1840.0,435.0,354.0,608.0,898.0,343.0,13330.0,700.0,111.0,863.0,451.0,415.0,1782.0,45.0,17901.0,6790,1429,13620.84451,750.943505244301,337.993004135172,0.450091121069373,45.266975892387,0.0602801350251514,4.93875366331964,0.0065767313104505,46.312773416812,0.0616727797675609,15.2779907676039,0.0203450601289023,35.5304277127676,0.0473143817938856,239.971303476308,0.319559729594091,0.0,0.0,16.0587124672397,0.0213847145026115,9.59356371269164,0.0127753468079741,1298.0,1162.0,916.0,2200.0,4106.0,608.0,1470.0,385.0,0.0,12.0,373.0,1525.0,318.0,182.0,1025.0,839.0,407.0,217.0,215.0,2815.0,2303.0,328.0,184.0,11895.0,6006.0,16799.0,11845.0,5211.0,4954.0,10897.0,423.0,318.0,0.0,0.0,0,91.0,93.0,23.0,7461,7875,74,136,375
60,63,Gage Park,39193,39894,39540,10353,36081.0,1802.0,7742.0,8683.0,7718.0,5520.0,2676.0,1402.0,538.0,34.6410700538876,1292.0,32047.0,2253.0,267.0,222.0,36041.0,28898.0,16789.0,14814.0,1975.0,12109.0,14270.0,535.0,13735.0,8574.0,2228.0,2542.0,203.0,188.0,493450.0,2024.0,3713.0,2541.0,2257.0,23061.0,7830.0,8100.0,3275.0,1131.0,2008.0,717.0,1799.0,2261.0,2201.0,1083.0,1822.0,1369.0,63701.6679302502,23727.8997810482,10535.0,6142.0,4393.0,651.0,11186.0,5153.0,226.0,2599.0,1978.0,382.0,126.0,530.0,192.0,5.51813271604938,48.0,692.0,1006.0,3622.0,5818.0,1938.06634582331,1669.0,3960.0,3138.0,1242.0,1177.0,1077.0,214.0,56.0,236360.655737705,412.0,1473.0,1947.0,333.0,84,1049.19884963024,9162.0,1207.0,1373.0,9090.0,8591.0,1445.0,1540.0,2167.0,3707.0,843.0,777.0,1714.0,1798.0,802.0,27655.0,1424.0,448.0,2088.0,463.0,708.0,6228.0,345.0,36081.0,11375,4313,12082.28329,1406.90758420065,406.65797093296,0.289043840192253,155.450137431266,0.110490652816821,18.2180893181524,0.012949030570834,65.0301287403938,0.0462220329683855,101.964201376567,0.0724739865799354,162.102236529234,0.115218823432056,457.872607386163,0.325446114960216,0.0,0.0,19.4750248643356,0.0138424336346162,20.1371876215731,0.0143130848448829,2253.0,2045.0,1554.0,4683.0,7623.0,1059.0,2912.0,872.0,39.0,17.0,816.0,2900.0,372.0,421.0,2107.0,2134.0,1064.0,502.0,568.0,4231.0,3363.0,664.0,204.0,22192.0,13889.0,34279.0,27296.0,13366.0,6983.0,27030.0,21.0,221.0,5.0,0.0,0,0.0,18.0,1.0,4811,31079,2743,161,399
61,64,Clearing,22331,23139,24468,8883,23629.0,1376.0,4807.0,4795.0,5300.0,4107.0,1817.0,909.0,518.0,37.2082893347413,7142.0,15740.0,221.0,190.0,336.0,23617.0,18562.0,12364.0,11549.0,815.0,6198.0,11263.0,1427.0,9836.0,7907.0,837.0,694.0,206.0,192.0,322595.0,636.0,3675.0,3068.0,1644.0,16220.0,2505.0,5313.0,3382.0,1289.0,2830.0,901.0,1248.0,1714.0,1409.0,1022.0,2093.0,1537.0,78436.8884540117,36072.1789749884,9023.0,6618.0,2405.0,389.0,9412.0,5398.0,751.0,635.0,507.0,1712.0,195.0,161.0,53.0,5.75772259236826,164.0,946.0,1434.0,5976.0,892.0,1959.7171438427,866.0,2750.0,3934.0,1089.0,773.0,645.0,129.0,24.0,303890.160183066,0.0,383.0,1013.0,710.0,236,1379.80769230769,8492.0,960.0,531.0,8522.0,8302.0,501.0,1132.0,1042.0,2174.0,574.0,325.0,752.0,1157.0,456.0,18104.0,1011.0,95.0,1007.0,421.0,651.0,1956.0,94.0,23629.0,10581,2614,13915.95992,1633.26898492556,517.69111039071,0.316966228569083,78.9430080613151,0.0483343581430421,9.7660957003823,0.00597947783893501,44.4076512262466,0.0271894290751321,27.3075250973453,0.0167195516166554,122.806048095626,0.0751903386576721,775.938034722902,0.475082819721986,0.0,0.0,34.9184550144127,0.021379488214554,21.4910566166244,0.013158308162941,2902.0,2237.0,1379.0,2505.0,5600.0,845.0,3423.0,848.0,0.0,49.0,799.0,1966.0,236.0,316.0,1414.0,1409.0,633.0,420.0,356.0,4638.0,3124.0,1217.0,297.0,16924.0,6705.0,22253.0,14078.0,5350.0,8175.0,12077.0,1633.0,66.0,44.0,72.0,30,0.0,137.0,19.0,17047,4688,137,152,307
62,65,West Lawn,29235,33355,33662,9244,31942.0,2177.0,6831.0,7507.0,5699.0,5831.0,1992.0,1384.0,521.0,33.7145557655955,2732.0,28100.0,637.0,365.0,108.0,31902.0,24554.0,14908.0,13683.0,1197.0,9646.0,13215.0,1048.0,12167.0,7798.0,2639.0,1477.0,102.0,151.0,433790.0,1038.0,3038.0,2955.0,2456.0,20183.0,6071.0,6484.0,2662.0,1334.0,2566.0,1066.0,1416.0,2042.0,1396.0,1358.0,1795.0,1480.0,73122.8765571914,26507.6733141319,9487.0,7225.0,2262.0,271.0,9758.0,6852.0,215.0,1147.0,431.0,296.0,317.0,433.0,67.0,6.13200173686496,136.0,588.0,1003.0,5999.0,2032.0,1953.88205613371,578.0,2897.0,3211.0,2170.0,902.0,1069.0,0.0,0.0,259592.552617377,35.0,341.0,1226.0,582.0,0,1212.08530805687,8500.0,985.0,987.0,8396.0,8205.0,1091.0,1185.0,1388.0,2573.0,831.0,813.0,693.0,1170.0,565.0,23528.0,1126.0,338.0,1113.0,310.0,812.0,4834.0,261.0,31889.0,11871,7487,14094.36335,1889.70255526423,613.61496967826,0.324715108189321,85.9808100533084,0.0454996527436489,9.79636500702887,0.00518407776913816,170.701710244957,0.090332581585089,111.867277479034,0.0591983522313603,207.401151589426,0.109753331820216,636.707760326952,0.336935439153239,0.0,0.0,17.3659618299265,0.00918978586420879,36.2665490553377,0.0191916706437785,2263.0,1902.0,1152.0,4170.0,6943.0,878.0,2544.0,903.0,0.0,0.0,903.0,2346.0,265.0,436.0,1645.0,1385.0,503.0,379.0,503.0,4624.0,3545.0,861.0,218.0,20437.0,11505.0,29765.0,22886.0,10128.0,6879.0,22170.0,348.0,50.0,138.0,83.0,0,1.0,76.0,20.0,12540,15179,760,272,484
63,66,Chicago Lawn,61412,55628,55931,17041,54409.0,3756.0,12473.0,11787.0,11103.0,8386.0,3180.0,2989.0,735.0,33.7090359529112,1720.0,33204.0,18050.0,229.0,1206.0,54315.0,41381.0,24652.0,21775.0,2877.0,16729.0,21346.0,1199.0,20147.0,11838.0,5026.0,2870.0,117.0,296.0,754715.0,3938.0,6261.0,4463.0,2931.0,33190.0,8740.0,12175.0,6501.0,1318.0,3200.0,1256.0,3818.0,4485.0,2942.0,1934.0,2916.0,1498.0,53852.4590163934,24221.2522928192,17593.0,9369.0,8224.0,1544.0,19137.0,8536.0,407.0,4230.0,2767.0,1230.0,1012.0,875.0,80.0,5.84691920402781,279.0,1839.0,2599.0,7042.0,7378.0,1951.34746036881,2971.0,6564.0,5351.0,2639.0,1612.0,1927.0,158.0,50.0,224494.448850119,314.0,2120.0,3995.0,1435.0,342,1175.83227981458,15486.0,3154.0,2107.0,15085.0,14573.0,2508.0,3620.0,3449.0,7069.0,1222.0,1897.0,2707.0,3907.0,1284.0,39847.0,2623.0,758.0,3608.0,890.0,1813.0,8504.0,638.0,54409.0,17273,3419,11666.63071,2256.18635527964,669.328228551557,0.296663538889543,253.879261604735,0.11252583857297,32.8504429520822,0.01456016382477,97.1513918271067,0.043060003266027,66.261882197237,0.0293689756797702,58.3484160411175,0.0258615233199057,704.206492876925,0.312122485462706,0.0,0.0,308.418013692015,0.136698820543035,65.7422255368609,0.029138650441272,5007.0,3915.0,2608.0,6063.0,12350.0,2914.0,5243.0,2186.0,0.0,135.0,2051.0,5749.0,550.0,662.0,4537.0,2942.0,754.0,1115.0,1073.0,6330.0,4873.0,892.0,565.0,39105.0,15304.0,50653.0,29015.0,14274.0,21638.0,27734.0,80.0,0.0,117.0,109.0,0,112.0,660.0,203.0,6190,21534,32240,393,1055
64,67,West Englewood,45282,35505,29647,9971,28144.0,2058.0,5219.0,6717.0,4837.0,4645.0,2846.0,1321.0,501.0,35.2104695089045,149.0,7734.0,19146.0,137.0,978.0,28046.0,22327.0,11440.0,9576.0,1864.0,10887.0,8962.0,672.0,8290.0,4894.0,1085.0,2045.0,120.0,146.0,321060.0,2842.0,4001.0,1884.0,1099.0,19134.0,4340.0,7424.0,3940.0,1355.0,1467.0,608.0,3484.0,2449.0,1330.0,780.0,987.0,796.0,38273.4530938124,20873.6943931211,9826.0,5092.0,4734.0,2541.0,12367.0,6582.0,142.0,3217.0,1398.0,360.0,153.0,509.0,6.0,6.17868618350589,421.0,551.0,1034.0,3774.0,6587.0,1936.93714892971,1215.0,3475.0,4419.0,2109.0,1149.0,2583.0,70.0,30.0,148234.732824427,323.0,1245.0,1753.0,1031.0,66,1162.36068895643,9051.0,1746.0,775.0,8725.0,8122.0,1101.0,2075.0,2712.0,4787.0,1027.0,1261.0,1930.0,3291.0,1365.0,21329.0,1922.0,362.0,2525.0,838.0,1062.0,5183.0,322.0,28141.0,9816,1342,10208.91992,2019.00121131754,468.947752408107,0.232267197156403,182.977566711824,0.0906277647017448,15.2648562571354,0.00756059786966351,51.5976525613807,0.0255560285314092,94.9536271467271,0.0470300000883918,41.3550825744197,0.0204829409425825,753.844336792276,0.373374880889913,0.0,0.0,85.3709448423072,0.042283751175462,324.689392023362,0.16081683864443,3350.0,2096.0,1414.0,2966.0,5971.0,1453.0,3855.0,2357.0,36.0,160.0,2161.0,3084.0,394.0,291.0,2399.0,1294.0,635.0,330.0,329.0,2495.0,2164.0,316.0,15.0,24304.0,3840.0,26086.0,5922.0,3169.0,20164.0,5634.0,1.0,58.0,0.0,0.0,28,23.0,76.0,102.0,164,459,44271,29,359
65,68,Englewood,40222,30654,24369,9597,23195.0,992.0,4938.0,4648.0,3603.0,4834.0,2313.0,1035.0,832.0,39.1510586319218,243.0,2204.0,19897.0,140.0,711.0,23019.0,18852.0,9765.0,7519.0,2246.0,9087.0,7150.0,789.0,6361.0,3840.0,817.0,1459.0,208.0,37.0,227705.0,4088.0,3386.0,1313.0,721.0,15810.0,3422.0,5357.0,3844.0,1278.0,1524.0,385.0,4265.0,1917.0,1488.0,704.0,658.0,476.0,31396.8253968254,19905.7124380254,9508.0,3076.0,6432.0,3140.0,12648.0,3364.0,390.0,3914.0,1700.0,946.0,330.0,1984.0,20.0,5.82184655396619,490.0,1240.0,1733.0,3203.0,5982.0,1942.39831697055,2511.0,3792.0,4056.0,1453.0,836.0,1503.0,29.0,0.0,152926.421404682,1372.0,1275.0,2217.0,1096.0,129,1066.07380319149,8499.0,2626.0,1009.0,8051.0,7634.0,1457.0,2540.0,3146.0,5686.0,1311.0,1341.0,2114.0,3749.0,1203.0,18228.0,2434.0,154.0,3168.0,1151.0,1213.0,2873.0,473.0,23168.0,7348,1462,7867.947526,1966.30680244973,217.520920669698,0.110624100165192,287.359338931151,0.146141659365234,11.5752704759284,0.00588680792921397,42.9065564611194,0.0218208859409245,178.616012190049,0.0908383228738871,16.017461022951,0.00814596226946661,757.179111623142,0.385076789990152,0.0,0.0,45.4222453155515,0.0231002838717549,409.709885760138,0.208365187594174,4313.0,2007.0,1309.0,1879.0,4878.0,1294.0,4630.0,2742.0,0.0,295.0,2447.0,2541.0,275.0,520.0,1746.0,1458.0,549.0,578.0,331.0,1814.0,1399.0,304.0,111.0,21845.0,1350.0,22203.0,2469.0,1235.0,19734.0,1915.0,11.0,76.0,0.0,0.0,0,61.0,59.0,347.0,178,347,39352,27,318
66,69,Greater Grand Crossing,38619,32602,32207,13139,29143.0,1858.0,5125.0,6078.0,5104.0,5681.0,3251.0,1314.0,732.0,38.7296296296296,427.0,2109.0,25673.0,212.0,722.0,28577.0,23640.0,13498.0,11195.0,2303.0,10142.0,10767.0,1091.0,9676.0,5294.0,912.0,2775.0,267.0,428.0,366565.0,5276.0,5327.0,1537.0,717.0,20567.0,3088.0,6477.0,5157.0,1614.0,3078.0,1153.0,4692.0,2868.0,1644.0,1291.0,1625.0,737.0,37961.5825688073,25868.0170195244,12857.0,4670.0,8187.0,2763.0,15620.0,4504.0,392.0,3907.0,2328.0,2730.0,593.0,1099.0,67.0,5.70148448043185,379.0,526.0,1517.0,4893.0,8305.0,1937.01986754967,2737.0,5721.0,4979.0,1613.0,570.0,1523.0,149.0,38.0,192083.333333333,1133.0,1975.0,3213.0,1308.0,93,1094.45559458103,11714.0,3142.0,1143.0,11282.0,10849.0,1575.0,2877.0,3253.0,6130.0,922.0,1217.0,1967.0,3808.0,1314.0,22182.0,2609.0,284.0,3238.0,1430.0,1178.0,2872.0,189.0,28725.0,9519,2671,8314.419572,2269.35646094836,369.379529658442,0.162768404177491,323.778323235371,0.142674070295711,20.2095325066323,0.00890540241447425,76.4514880797791,0.0336886202742385,272.653618507014,0.120145787230391,38.1183809380646,0.0167970002042495,995.532747937283,0.438685047972257,0.0,0.0,36.8763989643876,0.0162497164279679,136.356441121384,0.0600859510032203,5673.0,3398.0,2064.0,1722.0,6305.0,2212.0,6552.0,2670.0,14.0,204.0,2452.0,3848.0,555.0,532.0,2761.0,1606.0,166.0,779.0,661.0,3606.0,2729.0,682.0,195.0,27792.0,1351.0,27285.0,2608.0,1111.0,24677.0,2068.0,21.0,0.0,101.0,0.0,0,82.0,111.0,225.0,146,276,37779,26,392
67,7,Lincoln Park,64320,64116,70492,35570,67987.0,3202.0,9006.0,28396.0,11057.0,9577.0,3614.0,2394.0,741.0,31.0038084874864,52142.0,5387.0,1680.0,5513.0,3265.0,64819.0,59292.0,45850.0,43870.0,1977.0,13442.0,43340.0,14832.0,28508.0,11342.0,1534.0,11587.0,3475.0,570.0,880240.0,10657.0,17046.0,5072.0,997.0,48136.0,1028.0,1638.0,2635.0,1038.0,22367.0,19430.0,3607.0,2565.0,3334.0,2964.0,5671.0,15631.0,137914.098613251,114443.810831482,33772.0,15117.0,18655.0,3718.0,37490.0,4026.0,3336.0,1491.0,5481.0,4866.0,2198.0,16044.0,48.0,4.48530737335497,3281.0,5584.0,10126.0,5747.0,12752.0,1970.43401552576,14692.0,11078.0,6959.0,3432.0,1329.0,499.0,5436.0,4973.0,723043.818466354,823.0,949.0,3049.0,7334.0,6234,2051.16737416616,33081.0,791.0,691.0,32730.0,31628.0,1042.0,2255.0,1234.0,3489.0,755.0,472.0,1785.0,1149.0,409.0,57727.0,1124.0,176.0,2079.0,221.0,1013.0,1415.0,77.0,67490.0,33990,23145,6101.341161,2023.81834998945,331.869342897722,0.163981783690938,368.331507871326,0.181998304281234,63.061845266387,0.0311598347088391,255.047656188613,0.126022998155908,93.9270519662976,0.0464108115072615,14.4358182570431,0.00713296144247252,644.192573141085,0.318305530308311,0.0,0.0,208.079602994581,0.102815355437243,44.8729514063996,0.0221724204677922,15373.0,10992.0,3678.0,3729.0,11969.0,458.0,21803.0,2667.0,75.0,280.0,2312.0,3071.0,71.0,468.0,2532.0,3334.0,345.0,960.0,2029.0,24077.0,13833.0,6970.0,3274.0,58702.0,9285.0,64785.0,11067.0,1844.0,53718.0,3052.0,1116.0,1294.0,177.0,259.0,168,754.0,3981.0,266.0,54341,3254,3323,2325,1077
68,70,Ashburn,39584,41081,41098,12909,42007.0,2014.0,9407.0,8080.0,8887.0,8115.0,3596.0,1177.0,731.0,37.7969099032018,3435.0,19542.0,17909.0,419.0,702.0,41418.0,33414.0,21131.0,19053.0,2055.0,12283.0,18377.0,1410.0,16967.0,12878.0,1933.0,1643.0,141.0,372.0,660565.0,1024.0,4129.0,4341.0,3520.0,27879.0,5076.0,8969.0,5909.0,1827.0,3701.0,2397.0,1791.0,1934.0,2268.0,1776.0,2795.0,2450.0,82235.3603603604,30808.3902206775,13014.0,10967.0,2047.0,407.0,13421.0,11749.0,164.0,247.0,502.0,493.0,186.0,80.0,0.0,6.63877677739832,146.0,481.0,1151.0,10788.0,855.0,1956.22928952541,567.0,2249.0,6582.0,2890.0,1133.0,1333.0,53.0,108.0,251765.865901757,106.0,315.0,758.0,789.0,22,1372.92817679558,12307.0,1193.0,707.0,12117.0,11883.0,897.0,2756.0,2314.0,5070.0,843.0,1384.0,1930.0,2548.0,988.0,31262.0,1833.0,395.0,2803.0,1025.0,847.0,5166.0,399.0,41483.0,17001,3976,14712.59022,3109.75984427126,1267.82887993826,0.407693501565348,41.3894282439339,0.0133095255957404,9.76177523815221,0.00313907688278089,126.610389286013,0.0407138800506581,147.926836173203,0.0475685723596023,139.739865138953,0.0449359024930427,1073.47725424127,0.345196191345389,0.0,0.0,259.866625709656,0.0835648534687901,43.1587903018196,0.0138784962386487,2791.0,3290.0,2090.0,4843.0,9897.0,1172.0,3117.0,1195.0,35.0,8.0,1152.0,2408.0,259.0,289.0,1860.0,2268.0,1027.0,277.0,964.0,7012.0,4761.0,1676.0,575.0,34744.0,7263.0,39993.0,16839.0,6035.0,23154.0,15640.0,67.0,0.0,84.0,353.0,0,80.0,486.0,129.0,14546,6674,17045,408,911
69,71,Auburn Gresham,55928,48743,44878,18071,43779.0,3275.0,8159.0,8393.0,7173.0,8271.0,4615.0,2816.0,1077.0,38.3471275559883,231.0,1989.0,40597.0,231.0,731.0,43705.0,34716.0,19194.0,15817.0,3377.0,15522.0,15064.0,1513.0,13551.0,8265.0,1365.0,3392.0,280.0,249.0,526150.0,4651.0,8242.0,3259.0,1288.0,29883.0,4111.0,9991.0,7575.0,2337.0,3423.0,2446.0,5552.0,3739.0,2460.0,2123.0,2154.0,1412.0,47170.4658077304,25519.7793919459,17440.0,8722.0,8718.0,2755.0,20195.0,8682.0,572.0,3629.0,2992.0,1905.0,773.0,1642.0,0.0,5.96206353373589,331.0,1437.0,2537.0,8041.0,7849.0,1949.2340862423,3879.0,5816.0,6761.0,2122.0,1617.0,2276.0,70.0,68.0,196977.756286267,1210.0,2272.0,3609.0,969.0,200,1077.4378585086,15910.0,3751.0,1530.0,15021.0,14288.0,2419.0,3438.0,5309.0,8747.0,1149.0,2185.0,3377.0,5052.0,2382.0,33438.0,4197.0,454.0,4556.0,1382.0,2355.0,3983.0,433.0,43779.0,15439,2830,9593.752165,2411.96862588596,793.814692716394,0.329114850084259,316.236482107194,0.131111358047219,20.5957820746817,0.00853899252819528,95.2409581032717,0.039486814662976,107.812565328607,0.0446989915919847,52.3651238609626,0.0217105327569209,833.975395635494,0.345765441011555,0.0,0.0,60.592717190795,0.0251216854732255,131.33490886856,0.0544513338436641,6862.0,4432.0,3103.0,3043.0,9769.0,2944.0,7671.0,4142.0,165.0,245.0,3732.0,4498.0,764.0,939.0,2795.0,2349.0,531.0,1131.0,687.0,5579.0,4041.0,1269.0,269.0,42193.0,1586.0,40504.0,2581.0,1106.0,37923.0,1715.0,1.0,99.0,0.0,0.0,0,17.0,647.0,102.0,237,347,54862,45,437
70,72,Beverly,21992,20034,19923,7649,19521.0,1026.0,3856.0,2896.0,3469.0,4068.0,2535.0,1229.0,442.0,43.136192271442,11197.0,1293.0,6055.0,145.0,831.0,19488.0,15572.0,9906.0,9059.0,847.0,5666.0,8916.0,1574.0,7342.0,5208.0,489.0,1270.0,241.0,134.0,231555.0,390.0,2567.0,3160.0,1249.0,13568.0,345.0,1873.0,2212.0,1200.0,4040.0,3898.0,579.0,623.0,688.0,647.0,1643.0,3186.0,132096.541786744,62791.0600891348,7366.0,6220.0,1146.0,708.0,8074.0,6280.0,146.0,543.0,345.0,310.0,326.0,107.0,17.0,7.43214285714286,64.0,185.0,411.0,3570.0,3844.0,1941.26061397779,503.0,1591.0,3170.0,2013.0,797.0,328.0,1526.0,75.0,385581.167238843,0.0,187.0,604.0,285.0,18,1283.68794326241,7158.0,344.0,208.0,7105.0,7020.0,261.0,1445.0,871.0,2316.0,744.0,481.0,816.0,882.0,235.0,15047.0,746.0,259.0,944.0,360.0,753.0,497.0,31.0,19521.0,9861,3928,14712.87352,2038.09373337463,1044.77099960045,0.512621663317978,58.0094556221159,0.0284626043798609,10.0606597508039,0.00493630866238213,66.3915882251464,0.0325753360299169,42.5568888911599,0.0208807319282098,0.543753049766458,0.00026679491765382,549.88125642464,0.269801750243429,0.0,0.0,257.611429534244,0.126398224633023,8.26770227630453,0.00405658588754652,1959.0,2450.0,1136.0,1821.0,5090.0,291.0,2276.0,411.0,0.0,0.0,411.0,700.0,26.0,58.0,616.0,688.0,231.0,182.0,275.0,5471.0,3966.0,1031.0,474.0,18873.0,648.0,18495.0,856.0,34.0,17639.0,530.0,39.0,39.0,35.0,31.0,0,22.0,160.0,0.0,13814,643,7006,121,408
71,73,Washington Heights,29843,26493,25169,9580,24851.0,947.0,4925.0,4522.0,4475.0,5114.0,2477.0,1367.0,1024.0,42.2401732178548,350.0,915.0,23100.0,70.0,416.0,24650.0,20098.0,12052.0,10490.0,1487.0,8046.0,10189.0,1509.0,8680.0,5752.0,723.0,1730.0,33.0,442.0,333990.0,1557.0,4408.0,2716.0,819.0,17421.0,1515.0,4938.0,4876.0,1460.0,2848.0,1784.0,1777.0,1942.0,1544.0,1659.0,1661.0,917.0,68129.4642857143,31874.4996579614,9500.0,6945.0,2555.0,958.0,10458.0,7784.0,162.0,554.0,1029.0,393.0,158.0,378.0,0.0,6.50784117450784,293.0,676.0,890.0,6009.0,2590.0,1952.81818181818,678.0,2287.0,4641.0,2068.0,784.0,2236.0,89.0,54.0,183935.676392573,102.0,739.0,532.0,1043.0,52,1342.76018099548,8834.0,1102.0,666.0,8813.0,8489.0,687.0,2151.0,1947.0,4098.0,547.0,1059.0,1141.0,2642.0,866.0,19394.0,1468.0,240.0,1583.0,836.0,1439.0,1577.0,125.0,24585.0,9377,1459,12498.70725,1828.18565963265,799.357436198582,0.437240841479527,69.3321226880413,0.0379240053233832,9.46177551340417,0.00517550034568448,54.5204050291337,0.0298221379988775,86.1112204017733,0.0471020106453938,36.03881517485,0.0197128858247863,684.465366720654,0.374395982768069,0.0,0.0,46.8215341187907,0.0256109295421336,42.0769837874166,0.0230157060721456,2769.0,3560.0,1300.0,1871.0,6441.0,1205.0,3059.0,1241.0,0.0,22.0,1219.0,2319.0,434.0,218.0,1667.0,1524.0,565.0,450.0,509.0,4205.0,2903.0,1031.0,271.0,23841.0,1010.0,23904.0,1348.0,844.0,22556.0,980.0,0.0,0.0,28.0,0.0,28,4.0,199.0,109.0,193,231,29108,9,302
72,74,Mount Greenwood,18820,19093,18628,6850,19059.0,1070.0,4330.0,2740.0,4100.0,3786.0,1900.0,880.0,253.0,40.421381774866,15698.0,1782.0,668.0,134.0,777.0,18580.0,14594.0,9469.0,9053.0,407.0,5125.0,8947.0,829.0,8118.0,7194.0,383.0,374.0,122.0,45.0,250135.0,248.0,2957.0,3216.0,998.0,12655.0,607.0,2534.0,2972.0,1249.0,3214.0,2079.0,524.0,732.0,1037.0,815.0,1712.0,2599.0,115423.076923077,51851.2684296133,7419.0,6280.0,1139.0,210.0,7629.0,6418.0,123.0,153.0,157.0,46.0,71.0,536.0,125.0,6.63003761418592,220.0,589.0,949.0,5117.0,754.0,1955.05079580088,577.0,1404.0,3961.0,1434.0,253.0,346.0,390.0,77.0,317379.797088663,28.0,232.0,312.0,391.0,146,1477.33160621762,6986.0,379.0,433.0,7018.0,6932.0,401.0,1298.0,893.0,2191.0,874.0,297.0,631.0,1007.0,388.0,14104.0,863.0,31.0,1113.0,360.0,687.0,728.0,48.0,19050.0,9819,2915,14296.75801,1735.17653756583,749.643484741126,0.432027213664815,20.6227131210969,0.0118850806673696,6.55924481040069,0.00378015992516949,38.6239144981913,0.0222593572826742,522.4154371425,0.301073363909914,0.777830560938575,0.00044827171420249,364.702849946646,0.210181985550741,0.0,0.0,30.3749851468209,0.0175054148608026,1.45607759810675,0.00083915242431147,2505.0,1770.0,1438.0,1706.0,4594.0,441.0,2825.0,354.0,28.0,0.0,326.0,767.0,171.0,166.0,430.0,1037.0,390.0,263.0,384.0,5105.0,3745.0,999.0,361.0,18700.0,359.0,17989.0,910.0,165.0,17079.0,628.0,87.0,0.0,0.0,37.0,14,7.0,137.0,0.0,17127,723,672,61,237
73,75,Morgan Park,25226,22544,21758,8436,20872.7142857143,1432.94492254733,3948.58864027539,3504.85025817556,3819.83648881239,3808.22375215146,2105.89845094664,1301.37177280551,951.0,41.4776532928633,5982.23752151463,1186.60240963855,12760.0068846816,265.433734939759,678.433734939759,20454.7734589713,16310.5500681199,9637.86171662125,8733.42489782016,904.43681880109,6672.68835149864,8520.22258174387,1236.35405313351,7283.86852861035,5760.39185967302,575.21151226158,657.033719346049,91.1272138964578,200.104223433243,257150.212874659,910.086768747546,3914.89163722026,2681.49509226541,970.047899489596,14528.0567986231,740.557659208262,2667.85886402754,4134.36316695353,1071.68158347676,3467.17728055077,2446.4182444062,1740.62453531599,1567.87360594796,1143.87360594796,963.921933085502,1235.87360594796,1823.53531598513,70807.5093721847,39689.1091240102,8475.70260223048,6046.54671280277,2429.51903114187,511.0,8987.06574394464,6742.48442906574,409.0,482.0,388.0,173.837370242215,196.653979238754,595.089965397924,0.0,6.55853743575555,163.0,716.809688581315,607.993079584775,4963.14186851211,2536.12110726644,1953.19493413381,580.117647058824,2081.0830449827,3789.21107266436,1944.28027681661,592.373702422145,1060.51672862454,477.0,15.0,247659.132438692,264.0,312.416356877323,538.052044609665,803.89219330855,362,1520.61291880003,7816.37546468402,704.754646840149,659.327137546468,7852.49442379182,7392.49442379182,623.208178438662,1166.62840599455,1429.80619891008,2596.43460490463,526.418426430518,253.479734332425,977.64833106267,1543.74948910082,482.438351498638,15636.3354904632,1374.61154632153,93.121083106267,1125.79853542234,515.282016348774,862.232970027248,1087.95333787466,27.1731948228883,20501.1609332425,9513,3330,12954.3422,2109.21349484755,905.64549974787,0.429375927074337,69.2187196515292,0.0328173130982799,6.79680312778225,0.00322243487650049,101.388976994382,0.0480695658557365,183.015349602698,0.0867694759443616,63.5713524109951,0.0301398377007776,645.524112966643,0.306049678964954,0.0,0.0,68.0411680088373,0.0322590236479381,66.0115123368144,0.0312967428371141,3206.39033457249,2393.94423791822,1300.26765799257,1575.10037174721,5052.5873605948,712.397769516729,3423.11524163569,1066.21868865332,0.0596780526109148,0.0,1066.15901060071,1947.4593639576,218.219866509619,226.417746368276,1502.8217510797,1121.40086376129,477.216725559482,216.603062426384,427.581075775422,3984.03729878288,2853.28661170004,748.734982332155,382.015704750687,19942.3746594005,931.786273841962,19441.6045640327,1018.85916212534,146.645265667575,18422.7454019074,658.699761580382,9.12261580381471,0.0,14.0,0.0,0,195.0,114.026055858311,28.0107288828338,7510,533,16816,83,284
74,76,O'Hare,11665,12755,22215,9587,14393.9823434992,405.413590155163,2567.74371321562,3236.25040128411,3800.48368111289,2367.88443017656,1354.0304975923,480.114499732477,182.06153023007,40.1885765565492,8914.86463349385,1647.94649545211,880.563402889246,2065.56821829856,885.039593365436,14486.3636363636,11947.5096463023,8841.5538585209,8461.05948553055,380.494372990354,3105.95578778135,8180.53001071811,971.369239013934,7209.16077170418,5060.39442658092,1176.39817792069,742.529474812433,125.04448017149,104.79421221865,200100.707395498,519.363636363636,3519.45454545455,2063.18181818182,562.090909090909,10726.2129481006,862.559122525415,2541.02996254682,2185.67790262172,712.933654360621,2818.62921348315,1605.38309256287,758.333333333333,1124.83333333333,1194.33333333333,765.5,1620.83333333333,1188.16666666667,83115.610711953,48739.0613165324,6652.0,2762.82249173098,3884.63175303197,307.0,6954.45424476295,877.363836824697,62.8291069459757,248.911797133407,681.0,1826.49173098126,359.00441014333,2883.85336273429,15.0,4.53225157988188,86.2535832414553,1107.18522601985,3775.96912899669,1792.04630650496,193.0,1975.57264864357,2271.09592061742,3615.21940463065,951.076074972437,106.521499448732,10.5413450937155,486.0,192.666666666667,4.66666666666667,232352.350341503,0.0,288.0,1735.16666666667,1471.5,230,1455.36540240518,6334.0,726.666666666667,318.0,6339.5,6222.0,312.5,502.934887459807,736.575026795284,1239.50991425509,256.942122186495,145.12513397642,577.750803858521,591.839764201501,267.772508038585,11757.1631832797,555.58949624866,168.971061093248,470.427116827438,289.713558413719,310.398177920686,2050.5399249732,9.12513397642015,14403.8469989282,5386,49836,15877.49312,8536.57091404853,97.3369162388962,0.0114023437770206,134.02757573088,0.0157003997366569,0.0,0.0,136.470333801436,0.0159865518807849,49.4260354129082,0.00578991680741132,32.6449539474981,0.00382412965067445,6628.34095576227,0.776464112171093,0.0,0.0,1454.51211775047,0.170385993673033,3.81202540417885,0.00044655230332655,2311.33333333333,2332.83333333333,1046.83333333333,961.0,3833.66666666667,343.5,2818.33333333333,494.181818181818,14.0,10.0,470.181818181818,1341.27272727273,30.3636363636364,194.818181818182,1116.09090909091,1133.0,216.909090909091,455.727272727273,460.363636363636,3516.45454545455,2573.09090909091,881.727272727273,61.6363636363636,6022.74008574491,8381.10691318328,14007.7859056806,9739.84753483387,4288.54314040729,4267.93837084673,987.760182207931,4634.40568060021,67.9265809217578,263.41988210075,898.700160771704,29,968.0,1347.74464094319,542.890407288317,9486,761,249,864,305
75,77,Edgewater,62198,56521,56296,30466,56563.0,1795.0,5865.0,16668.0,13182.0,10145.0,4703.0,2975.0,1230.0,38.7318293373608,29273.0,9267.0,6965.0,7660.0,3398.0,53226.0,51524.0,36803.0,33991.0,2795.0,14721.0,33408.0,9686.0,23722.0,10617.0,1360.0,8805.0,2341.0,599.0,842780.0,11752.0,14386.0,3732.0,631.0,44527.0,2579.0,6262.0,5798.0,2300.0,15042.0,12546.0,5548.0,5734.0,4732.0,3759.0,4674.0,6054.0,70548.9700738438,55919.3657161042,30501.0,11412.0,19089.0,2902.0,33403.0,2531.0,525.0,1537.0,3269.0,4390.0,2647.0,18440.0,64.0,4.22512127002793,849.0,2241.0,6699.0,9383.0,14231.0,1949.56816421379,17662.0,9649.0,4339.0,1379.0,374.0,901.0,2530.0,471.0,330597.771023303,1066.0,3012.0,6905.0,6610.0,1219,1384.28235984737,29476.0,1972.0,1025.0,29230.0,27074.0,1271.0,3207.0,2836.0,6043.0,1451.0,952.0,2849.0,2779.0,974.0,50285.0,2339.0,141.0,3360.0,863.0,1679.0,5870.0,350.0,55861.0,26088,7009,6027.751521,1111.0018800859,155.163282232649,0.139660683761087,350.501152247702,0.315482051408052,26.0118908666445,0.0234130034637146,77.5164151629231,0.0697716327509095,63.6364704395147,0.0572784543214227,4.8222573536887,0.00434045831976078,418.308264038233,0.376514451988048,0.0,0.0,9.88954790828782,0.00890146820230693,5.15259983625392,0.004637795784698,16443.0,9479.0,2353.0,2226.0,9564.0,700.0,20937.0,4005.0,106.0,423.0,3476.0,6779.0,176.0,986.0,5617.0,4707.0,785.0,1728.0,2194.0,14384.0,8830.0,4346.0,1208.0,42059.0,14504.0,54768.0,17613.0,6798.0,37155.0,6270.0,2115.0,1313.0,1064.0,227.0,85,972.0,4544.0,1023.0,29782,12176,10564,7172,2504
76,8,Near North Side,72811,80484,106983,67405,107331.0,3091.0,4914.0,49577.0,17457.0,15943.0,9130.0,5461.0,1758.0,33.781045751634,69049.0,8884.0,8520.0,15939.0,4939.0,105719.0,101010.0,79234.0,76654.0,2580.0,21776.0,75817.0,25075.0,50742.0,14167.0,1679.0,12691.0,19378.0,2827.0,1266195.0,32841.0,31728.0,4259.0,724.0,88861.0,1506.0,3411.0,5379.0,1756.0,39147.0,37662.0,8037.0,5659.0,7060.0,7477.0,12883.0,28436.0,124208.228503774,121129.269195293,69552.0,25410.0,44142.0,7980.0,77532.0,1519.0,1424.0,303.0,1461.0,1705.0,1707.0,69343.0,70.0,3.57538862431485,13560.0,24141.0,17643.0,12507.0,9681.0,1988.69804400978,45008.0,22293.0,8271.0,1685.0,275.0,775.0,8660.0,5219.0,553784.13047462,1829.0,1203.0,3063.0,17697.0,19199,2387.02774498229,68786.0,2256.0,766.0,68771.0,63691.0,781.0,4852.0,2559.0,7411.0,1916.0,1550.0,2538.0,2764.0,916.0,100455.0,2144.0,175.0,3883.0,972.0,2381.0,3408.0,287.0,107085.0,52469,186875,4414.651044,1755.05982566995,84.013061682101,0.0478690586231333,325.116809358168,0.185245428448037,21.2106341914137,0.0120854194718502,271.029685990363,0.154427605273743,111.148924818729,0.0633305618378567,77.1891848515574,0.0439809422576762,763.090615414031,0.434794645887777,0.0,0.0,49.814818714088,0.0283835445296415,52.4460906495009,0.0298827936702847,41923.0,22242.0,3405.0,1982.0,18280.0,952.0,51272.0,5598.0,81.0,427.0,5090.0,6493.0,347.0,489.0,5657.0,6571.0,522.0,1107.0,4942.0,48376.0,23930.0,14024.0,10422.0,86270.0,21061.0,104240.0,23197.0,4598.0,81043.0,5282.0,2292.0,3151.0,351.0,620.0,1478,2210.0,7345.0,468.0,50397,2805,13884,4434,1291
77,9,Edison Park,11328,11187,11525,4733,11558.0,979.0,1872.0,1940.0,2239.0,2760.0,1058.0,507.0,203.0,39.7914645974782,9181.0,1724.0,70.0,187.0,396.0,11553.0,9179.0,6590.0,6368.0,222.0,2589.0,6053.0,1017.0,5036.0,3961.0,426.0,443.0,188.0,18.0,152005.0,262.0,1524.0,2026.0,869.0,8296.0,182.0,1449.0,1386.0,508.0,2956.0,1815.0,524.0,484.0,327.0,528.0,896.0,1922.0,128066.037735849,66773.3695275999,4681.0,3801.0,880.0,272.0,4953.0,3224.0,99.0,138.0,350.0,794.0,159.0,189.0,0.0,6.67093373493976,43.0,410.0,624.0,2395.0,1481.0,1953.40404040404,524.0,1463.0,1377.0,1200.0,389.0,121.0,1533.0,13.0,456820.950060901,0.0,33.0,418.0,349.0,80,1484.72222222222,4393.0,191.0,288.0,4374.0,4294.0,307.0,715.0,177.0,892.0,239.0,234.0,318.0,274.0,117.0,8932.0,149.0,89.0,444.0,54.0,305.0,206.0,0.0,11558.0,6323,2470,13596.68071,726.269831216244,379.65501167448,0.522746499105839,40.0402007086212,0.055131301050421,6.28349311992112,0.00865173362550184,24.0710234033064,0.0331433612807461,10.2680165924388,0.0141380188892653,8.98909125639817,0.0123770682328146,236.621009491936,0.325803164776485,0.0,0.0,20.2324997607573,0.0278581029957903,0.10948520838484,0.00015075004313684,1576.0,1267.0,813.0,1025.0,2828.0,224.0,1853.0,341.0,0.0,0.0,341.0,548.0,0.0,39.0,509.0,327.0,76.0,183.0,68.0,3346.0,2218.0,812.0,316.0,10285.0,1273.0,10579.0,1693.0,571.0,8886.0,731.0,485.0,0.0,13.0,7.0,0,69.0,347.0,41.0,10572,463,19,200,74
